TIPO_PRODUTO,NOME_PRODUTO,DATA_FINALIZACAO_PROCESSO,CATEGORIA_REGULATORIA,NUMERO_REGISTRO_PRODUTO,DATA_VENCIMENTO_REGISTRO,NUMERO_PROCESSO,CLASSE_TERAPEUTICA,EMPRESA_DETENTORA_REGISTRO,SITUACAO_REGISTRO,PRINCIPIO_ATIVO,INICIO_RENOVACAO,FIM_RENOVACAO,INICIO_COMERCILIZACAO,FIM_COMERCILIZACAO
MEDICAMENTO,ACETITOL,11/04/2001,SIMILAR,105350109,2016-04-01,25351022971,ANALGESICOS,17115437000173 - LABORATÓRIO GLOBO SA,CADUCO/CANCELADO,,2015-04-01,2015-10-01,2019-04-01,2020-04-01
MEDICAMENTO,ACIDO ACETILSALICILICO,10/10/2001,SIMILAR,105350087,2006-06-01,25000001567,ANALGESICOS NAO NARCOTICOS,17115437000173 - LABORATÓRIO GLOBO SA,CADUCO/CANCELADO,,2005-06-01,2005-12-01,2009-06-01,2010-06-01
MEDICAMENTO,ALBENIX,07/05/2001,SIMILAR,105350073,2011-04-01,25000024350,ANTI-HELMINTICOS DO TRATO GASTRINTESTINAL,17115437000173 - LABORATÓRIO GLOBO SA,CADUCO/CANCELADO,,2010-04-01,2010-10-01,2014-04-01,2015-04-01
MEDICAMENTO,AMINOFILON,17/05/1996,SIMILAR,105350082,2006-05-01,25000001541,BRONCODILATADORES,17115437000173 - LABORATÓRIO GLOBO SA,CADUCO/CANCELADO,,2005-05-01,2005-11-01,2009-05-01,2010-05-01
MEDICAMENTO,AMOXICAP,29/04/1996,SIMILAR,105350075,2016-04-01,25000024351,ANTIBIOTICOS SISTEMICOS SIMPLES,17115437000173 - LABORATÓRIO GLOBO SA,CADUCO/CANCELADO,,2015-04-01,2015-10-01,2019-04-01,2020-04-01
MEDICAMENTO,AMOXICILINA,20/07/2009,GENÉRICO,105350163,2014-07-01,25351745306,ANTIBIOTICOS SISTEMICOS SIMPLES,17115437000173 - LABORATÓRIO GLOBO SA,CADUCO/CANCELADO,,2013-07-01,2014-01-01,2017-07-01,2018-07-01
MEDICAMENTO,AMPICINAL,29/01/2001,SIMILAR,105350032,2001-06-01,25992019379,PENICILINA DE AMPLO ESPECTRO,17115437000173 - LABORATÓRIO GLOBO SA,CADUCO/CANCELADO,,2000-06-01,2000-12-01,2004-06-01,2005-06-01
MEDICAMENTO,AMPLAL,21/12/2001,SIMILAR,105350099,2003-01-01,25000041278,ANTIBIOTICOS SISTEMICOS SIMPLES,17115437000173 - LABORATÓRIO GLOBO SA,CADUCO/CANCELADO,,2002-01-01,2002-07-01,2006-01-01,2007-01-01
MEDICAMENTO,ANAGRIPE,19/06/2000,SIMILAR,105350103,2010-06-01,25000015598,PRODUTO P.TERAPIA SINTOMATICA DA GRIPE,17115437000173 - LABORATÓRIO GLOBO SA,CADUCO/CANCELADO,,2009-06-01,2009-12-01,2013-06-01,2014-06-01
MEDICAMENTO,ANEMICAP PLUS,21/05/2004,SIMILAR,105350019,2004-10-01,25001005897,ANTIANEMICOS SIMPLES,17115437000173 - LABORATÓRIO GLOBO SA,CADUCO/CANCELADO,,2003-10-01,2004-04-01,2007-10-01,2008-10-01
MEDICAMENTO,ANEMIPLUS,13/11/2002,ESPECÍFICO,105350005,2009-10-01,25992009623,ANTIANEMICOS SIMPLES,17115437000173 - LABORATÓRIO GLOBO SA,CADUCO/CANCELADO,,2008-10-01,2009-04-01,2012-10-01,2013-10-01
MEDICAMENTO,ANGITENS,04/06/2001,SIMILAR,105350112,2016-06-01,25351024345,BETABLOQUEADORES SIMPLES,17115437000173 - LABORATÓRIO GLOBO SA,CADUCO/CANCELADO,,2015-06-01,2015-12-01,2019-06-01,2020-06-01
MEDICAMENTO,ASCARIZOLE,10/09/2012,SIMILAR,105350173,2017-09-01,25351751937,ANTI-HELMINTICOS DO TRATO GASTRINTESTINAL,17115437000173 - LABORATÓRIO GLOBO SA,CADUCO/CANCELADO,,2016-09-01,2017-03-01,2020-09-01,2021-09-01
MEDICAMENTO,AZITROMICINA,20/04/2009,GENÉRICO,105350160,2029-04-01,25351280059,ANTIBIOTICOS SISTEMICOS SIMPLES,17115437000173 - LABORATÓRIO GLOBO SA,VÁLIDO,AZITROMICINA DI-HIDRATADA,2028-04-01,2028-10-01,2032-04-01,2033-04-01
MEDICAMENTO,Amoxicilina,22/09/2008,GENÉRICO,105350146,2013-09-01,25351051158,PENICILINA DE AMPLO ESPECTRO,17115437000173 - LABORATÓRIO GLOBO SA,CADUCO/CANCELADO,,2012-09-01,2013-03-01,2016-09-01,2017-09-01
MEDICAMENTO,Amoxicilina,10/03/2009,GENÉRICO,105350155,2014-03-01,25351051263,ANTIBIOTICOS SISTEMICOS SIMPLES,17115437000173 - LABORATÓRIO GLOBO SA,CADUCO/CANCELADO,,2013-03-01,2013-09-01,2017-03-01,2018-03-01
MEDICAMENTO,Amplogin,02/02/2009,SIMILAR,105350153,2029-02-01,25351073443,ANTINFECCIOSOS TOPICOS-ASSOCIACOES MEDICAMENTOSAS,17115437000173 - LABORATÓRIO GLOBO SA,CADUCO/CANCELADO,,2028-02-01,2028-08-01,2032-02-01,2033-02-01
MEDICAMENTO,BACINANTRAT,17/03/1997,SIMILAR,105350093,2027-03-01,25000027684,ANTINFECCIOSOS TOPICOS-ASSOCIACOES MEDICAMENTOSAS,17115437000173 - LABORATÓRIO GLOBO SA,VÁLIDO,BACITRACINA ZÍNCICA +  SULFATO DE NEOMICINA,2026-03-01,2026-09-01,2030-03-01,2031-03-01
MEDICAMENTO,BENZIN,07/06/1996,SIMILAR,105350088,2026-06-01,25000024346,ESCABICIDAS E OUTROS ECTOPARASITICIDAS,17115437000173 - LABORATÓRIO GLOBO SA,VÁLIDO,BENZOATO DE BENZILA,2025-06-01,2025-12-01,2029-06-01,2030-06-01
MEDICAMENTO,BETRIX,27/04/2009,SIMILAR,105350161,2029-04-01,25351088224,GLICOCORTICOIDES TOPICOS - ASSOCIACAO MEDICAMENTOSA,17115437000173 - LABORATÓRIO GLOBO SA,CADUCO/CANCELADO,,2028-04-01,2028-10-01,2032-04-01,2033-04-01
MEDICAMENTO,BROMETO DE IPRATRÓPIO,08/12/2008,GENÉRICO,105350150,2028-12-01,25351394011,BRONCODILATADORES,17115437000173 - LABORATÓRIO GLOBO SA,VÁLIDO,BROMETO DE IPRATRÓPIO,2027-12-01,2028-06-01,2031-12-01,2032-12-01
MEDICAMENTO,CAPTOCORD,20/07/2000,SIMILAR,105350104,2025-07-01,25000015600,ANTI-HIPERTENSIVOS,17115437000173 - LABORATÓRIO GLOBO SA,VÁLIDO,CAPTOPRIL,2024-07-01,2025-01-01,2028-07-01,2029-07-01
MEDICAMENTO,CAPTOPRIL,08/06/2015,GENÉRICO,105350181,2025-06-01,25351460814,ANTI-HIPERTENSIVOS,17115437000173 - LABORATÓRIO GLOBO SA,VÁLIDO,CAPTOPRIL,2024-06-01,2024-12-01,2028-06-01,2029-06-01
MEDICAMENTO,CARDGOX,28/06/2001,SIMILAR,105350115,2006-06-01,25351025697,GLICOSIDEOS CARDIACOS,17115437000173 - LABORATÓRIO GLOBO SA,CADUCO/CANCELADO,,2005-06-01,2005-12-01,2009-06-01,2010-06-01
MEDICAMENTO,CASTANHA DA INDIA GLOBO,27/01/2020,FITOTERÁPICO,105350213,2025-02-01,25351566795,ANTIVARICOSOS DE ACAO SISTEMICA,17115437000173 - LABORATÓRIO GLOBO SA,VÁLIDO,AESCULUS HIPPOCASTANUM L.,2024-02-01,2024-08-01,2028-02-01,2029-02-01
MEDICAMENTO,CEFALEXINA,17/12/2001,SIMILAR,105350089,2006-08-01,25000024343,ANTIBIOTICOS SISTEMICOS SIMPLES,17115437000173 - LABORATÓRIO GLOBO SA,CADUCO/CANCELADO,,2005-08-01,2006-02-01,2009-08-01,2010-08-01
MEDICAMENTO,CETOMICOSS,30/08/2002,SIMILAR,105350079,2026-05-01,25000024349,ANTIMICOTICO,17115437000173 - LABORATÓRIO GLOBO SA,VÁLIDO,CETOCONAZOL,2025-05-01,2025-11-01,2029-05-01,2030-05-01
MEDICAMENTO,CETOMICOSS,28/10/2013,SIMILAR,105350176,2028-10-01,25351641565,ANTIMICOTICO,17115437000173 - LABORATÓRIO GLOBO SA,VÁLIDO,CETOCONAZOL,2027-10-01,2028-04-01,2031-10-01,2032-10-01
MEDICAMENTO,CETOTIFENO,19/09/2002,SIMILAR,105350126,2012-09-01,25351013642,ANTIASMATICOS,17115437000173 - LABORATÓRIO GLOBO SA,VÁLIDO,,2011-09-01,2012-03-01,2015-09-01,2016-09-01
MEDICAMENTO,CINAFAR,11/04/2001,SIMILAR,105350108,2011-04-01,25351022972,ANTIVERTIGINOSOS,17115437000173 - LABORATÓRIO GLOBO SA,CADUCO/CANCELADO,,2010-04-01,2010-10-01,2014-04-01,2015-04-01
MEDICAMENTO,CIPROFLOXATRIN,07/06/2001,SIMILAR,105350113,2011-06-01,25351022968,ANTIBIOTICOS SISTEMICOS SIMPLES,17115437000173 - LABORATÓRIO GLOBO SA,CADUCO/CANCELADO,,2010-06-01,2010-12-01,2014-06-01,2015-06-01
MEDICAMENTO,CIPROFLOXATRIN,09/03/2015,SIMILAR,105350179,2025-03-01,25351460815,ANTIBIOTICOS SISTEMICOS SIMPLES,17115437000173 - LABORATÓRIO GLOBO SA,VÁLIDO,CLORIDRATO DE CIPROFLOXACINO MONOIDRATADO,2024-03-01,2024-09-01,2028-03-01,2029-03-01
MEDICAMENTO,CLORETO DE SODIO+ CLORETO DE POTASSIO  + ASSOCIACOES,07/02/2002,SIMILAR,105350122,2007-02-01,25351027177,REIDRATANTES ORAIS,17115437000173 - LABORATÓRIO GLOBO SA,CADUCO/CANCELADO,,2006-02-01,2006-08-01,2010-02-01,2011-02-01
MEDICAMENTO,CLORIDRATO DE AMBROXOL,18/06/2018,GENÉRICO,105350202,2028-06-01,25351071876,EXPECTORANTES BALSAMICOS E MUCOLITICO,17115437000173 - LABORATÓRIO GLOBO SA,VÁLIDO,CLORIDRATO DE AMBROXOL,2027-06-01,2027-12-01,2031-06-01,2032-06-01
MEDICAMENTO,CLORIDRATO DE CIPROFLOXACINO,28/01/2008,GENÉRICO,105350140,2028-01-01,25351516805,ANTIBIOTICOS SISTEMICOS SIMPLES,17115437000173 - LABORATÓRIO GLOBO SA,VÁLIDO,CLORIDRATO DE CIPROFLOXACINO MONOIDRATADO,2027-01-01,2027-07-01,2031-01-01,2032-01-01
MEDICAMENTO,CLORIDRATO DE DOXICICLINA,14/12/2009,GENÉRICO,105350169,2014-12-01,25351132041,ANTIBIOTICOS SISTEMICOS SIMPLES,17115437000173 - LABORATÓRIO GLOBO SA,CADUCO/CANCELADO,,2013-12-01,2014-06-01,2017-12-01,2018-12-01
MEDICAMENTO,CLORIDRATO DE FLUOXETINA,13/04/2015,GENÉRICO,105350180,2025-04-01,25351623125,ANTIDEPRESSIVOS,17115437000173 - LABORATÓRIO GLOBO SA,VÁLIDO,CLORIDRATO DE FLUOXETINA,2024-04-01,2024-10-01,2028-04-01,2029-04-01
MEDICAMENTO,CLORIDRATO DE HIDROXIZINE,13/09/2010,GENÉRICO,105350170,2025-09-01,25351408222,ANTI-HISTAMINICOS SISTEMICOS,17115437000173 - LABORATÓRIO GLOBO SA,VÁLIDO,CLORIDRATO DE HIDROXIZINA,2024-09-01,2025-03-01,2028-09-01,2029-09-01
MEDICAMENTO,CLORIDRATO DE TETRACICLINA,31/08/2000,SIMILAR,105350036,2006-03-01,25992002415,CLASSE DAS TETRACICLINAS,17115437000173 - LABORATÓRIO GLOBO SA,CADUCO/CANCELADO,,2005-03-01,2005-09-01,2009-03-01,2010-03-01
MEDICAMENTO,CLOTRIMAZOL,25/09/2017,GENÉRICO,105350199,2027-09-01,25351336574,ANTIMICOTICOS PARA USO TOPICO,17115437000173 - LABORATÓRIO GLOBO SA,VÁLIDO,CLOTRIMAZOL,2026-09-01,2027-03-01,2030-09-01,2031-09-01
MEDICAMENTO,Ciclopirox- olamina,24/11/2008,GENÉRICO,105350149,2028-11-01,25351377964,ANTIMICOTICOS PARA USO TOPICO,17115437000173 - LABORATÓRIO GLOBO SA,VÁLIDO,CICLOPIROX OLAMINA,2027-11-01,2028-05-01,2031-11-01,2032-11-01
MEDICAMENTO,Cloridrato de Bromexina,03/03/2008,GENÉRICO,105350141,2028-03-01,25351184926,EXPECTORANTES BALSAMICOS E MUCOLITICO,17115437000173 - LABORATÓRIO GLOBO SA,VÁLIDO,CLORIDRATO DE BROMEXINA,2027-03-01,2027-09-01,2031-03-01,2032-03-01
MEDICAMENTO,DERMONASE,26/10/2009,SIMILAR,105350166,2029-10-01,25351471439,EMOLIENTES E PROTETORES DA PELE E MUCOSAS,17115437000173 - LABORATÓRIO GLOBO SA,VÁLIDO,NISTATINA +  OXIDO DE ZINCO,2028-10-01,2029-04-01,2032-10-01,2033-10-01
MEDICAMENTO,DEXAMETRAT,17/05/1996,SIMILAR,105350084,2026-05-01,25000001562,GLICOCORTICOIDES TOP. SIMP. EXC. USO OFTALM.,17115437000173 - LABORATÓRIO GLOBO SA,VÁLIDO,ACETATO DE DEXAMETASONA,2025-05-01,2025-11-01,2029-05-01,2030-05-01
MEDICAMENTO,DICLORIDRATO DE CETIRIZINA,19/10/2009,GENÉRICO,105350165,2014-10-01,25351106609,ANTI-HISTAMINICOS SISTEMICOS,17115437000173 - LABORATÓRIO GLOBO SA,CADUCO/CANCELADO,,2013-10-01,2014-04-01,2017-10-01,2018-10-01
MEDICAMENTO,DIOHESP,13/05/2019,ESPECÍFICO,105350208,2029-05-01,25351593518,ANTIVARICOSOS DE ACAO SISTEMICA,17115437000173 - LABORATÓRIO GLOBO SA,VÁLIDO,DIOSMINA +  FLAVONÓIDES EXPRESSOS EM HESPERIDINA,2028-05-01,2028-11-01,2032-05-01,2033-05-01
MEDICAMENTO,ERIMICINA,17/03/1975,SIMILAR,105350037,2011-04-01,25992002186,MACROLIDEOS,17115437000173 - LABORATÓRIO GLOBO SA,CADUCO/CANCELADO,,2010-04-01,2010-10-01,2014-04-01,2015-04-01
MEDICAMENTO,EXCIVIT,08/04/1998,SIMILAR,105350101,2013-08-01,25000016385,VITAMINAS E SUPLEMENTOS MINERAIS,17115437000173 - LABORATÓRIO GLOBO SA,CADUCO/CANCELADO,,2012-08-01,2013-02-01,2016-08-01,2017-08-01
MEDICAMENTO,FEBRIDOR,31/07/2017,SIMILAR,105350197,2027-07-01,25351144196,ANALGESICOS NAO NARCOTICOS,17115437000173 - LABORATÓRIO GLOBO SA,CADUCO/CANCELADO,,2026-07-01,2027-01-01,2030-07-01,2031-07-01
MEDICAMENTO,FERROTRIX,24/08/2001,SIMILAR,105350117,2006-08-01,25000004125,ANTIANEMICOS A BASE DE FERRO - ASSOCIACOES MEDICAMENTOSAS,17115437000173 - LABORATÓRIO GLOBO SA,CADUCO/CANCELADO,,2005-08-01,2006-02-01,2009-08-01,2010-08-01
MEDICAMENTO,FLAMACORTEN,14/09/2001,SIMILAR,105350118,2016-09-01,25351008567,GLICOCORTICOIDES SISTEMICOS,17115437000173 - LABORATÓRIO GLOBO SA,CADUCO/CANCELADO,,2015-09-01,2016-03-01,2019-09-01,2020-09-01
MEDICAMENTO,FLAMAPE,27/07/2020,SIMILAR,105350217,2030-07-01,25351671702,GLICOCORTICOIDES SISTEMICOS,17115437000173 - LABORATÓRIO GLOBO SA,VÁLIDO,PREDNISONA,2029-07-01,2030-01-01,2033-07-01,2034-07-01
MEDICAMENTO,FLAMAPROX,05/12/2005,SIMILAR,105350136,2010-12-01,25351006432,ANTINFLAMATORIOS,17115437000173 - LABORATÓRIO GLOBO SA,CADUCO/CANCELADO,,2009-12-01,2010-06-01,2013-12-01,2014-12-01
MEDICAMENTO,FLUCOLCID,11/04/2001,SIMILAR,105350107,2011-04-01,25351024344,ANTIMICOTICOS SISTEMICOS,17115437000173 - LABORATÓRIO GLOBO SA,CADUCO/CANCELADO,,2010-04-01,2010-10-01,2014-04-01,2015-04-01
MEDICAMENTO,FLUCOLCID,10/04/2017,SIMILAR,105350193,2027-04-01,25351003750,ANTIMICOTICOS SISTEMICOS,17115437000173 - LABORATÓRIO GLOBO SA,VÁLIDO,FLUCONAZOL,2026-04-01,2026-10-01,2030-04-01,2031-04-01
MEDICAMENTO,FLUCOLTRIX,11/03/1997,SIMILAR,105350092,2012-03-01,25000041275,ANTIMICOTICO + ANTIMICOTICOS SISTEMICOS,17115437000173 - LABORATÓRIO GLOBO SA,CADUCO/CANCELADO,,2011-03-01,2011-09-01,2015-03-01,2016-03-01
MEDICAMENTO,FUNGISTEN,21/01/2002,SIMILAR,105350121,2027-01-01,25351012059,ANTIMICOTICOS PARA USO TOPICO,17115437000173 - LABORATÓRIO GLOBO SA,VÁLIDO,CLOTRIMAZOL,2026-01-01,2026-07-01,2030-01-01,2031-01-01
MEDICAMENTO,FUROSECORD,17/05/1996,SIMILAR,105350085,2016-05-01,25000001564,DIURETICOS SIMPLES,17115437000173 - LABORATÓRIO GLOBO SA,CADUCO/CANCELADO,,2015-05-01,2015-11-01,2019-05-01,2020-05-01
MEDICAMENTO,GINKAN,07/06/2001,FITOTERÁPICO,105350114,2011-06-01,25351022967,FITOTERAPICO SIMPLES,17115437000173 - LABORATÓRIO GLOBO SA,CADUCO/CANCELADO,,2010-06-01,2010-12-01,2014-06-01,2015-06-01
MEDICAMENTO,GLICAMIDA,11/04/2001,SIMILAR,105350106,2006-04-01,25351022970,ANTIDIABETICOS,17115437000173 - LABORATÓRIO GLOBO SA,CADUCO/CANCELADO,,2005-04-01,2005-10-01,2009-04-01,2010-04-01
MEDICAMENTO,GLOBAREN,03/10/2002,SIMILAR,105350127,2012-10-01,25000027690,ANTINFLAMATORIOS,17115437000173 - LABORATÓRIO GLOBO SA,CADUCO/CANCELADO,,2011-10-01,2012-04-01,2015-10-01,2016-10-01
MEDICAMENTO,GLOBO ITRACONAZOL,03/01/2003,SIMILAR,105350130,2013-01-01,25351006426,ANTIMICOTICOS SISTEMICOS,17115437000173 - LABORATÓRIO GLOBO SA,CADUCO/CANCELADO,,2012-01-01,2012-07-01,2016-01-01,2017-01-01
MEDICAMENTO,GYNOPLUS,16/01/1998,SIMILAR,105350098,2028-01-01,25000004126,ANTIMICOTICO,17115437000173 - LABORATÓRIO GLOBO SA,CADUCO/CANCELADO,,2027-01-01,2027-07-01,2031-01-01,2032-01-01
MEDICAMENTO,HIDROTIAZIDA,22/06/2004,SIMILAR,105350086,2016-05-01,25000001560,DIURETICOS SIMPLES,17115437000173 - LABORATÓRIO GLOBO SA,CADUCO/CANCELADO,,2015-05-01,2015-11-01,2019-05-01,2020-05-01
MEDICAMENTO,HIDROXIDO DE ALUMINIO,17/05/1996,SIMILAR,105350083,2006-05-01,25000001551,ANTIACIDO,17115437000173 - LABORATÓRIO GLOBO SA,CADUCO/CANCELADO,,2005-05-01,2005-11-01,2009-05-01,2010-05-01
MEDICAMENTO,HIDROXIDO DE ALUMINIO + HIDROXIDO DE MAGNESIO + DIMETICONA,19/05/1998,SIMILAR,105350102,2003-05-01,25000016386,ANTIACIDO,17115437000173 - LABORATÓRIO GLOBO SA,CADUCO/CANCELADO,,2002-05-01,2002-11-01,2006-05-01,2007-05-01
MEDICAMENTO,HOXIDRIN,22/08/2016,SIMILAR,105350184,2026-08-01,25351508560,ANTI-HISTAMINICOS SISTEMICOS,17115437000173 - LABORATÓRIO GLOBO SA,VÁLIDO,CLORIDRATO DE HIDROXIZINA,2025-08-01,2026-02-01,2029-08-01,2030-08-01
MEDICAMENTO,INTESTIN,10/03/2009,SIMILAR,105350156,2029-03-01,25351261673,ANTIDIARREICOS SIMPLES SEM ACAO ANTIMICROBIANA,17115437000173 - LABORATÓRIO GLOBO SA,VÁLIDO,CLORIDRATO DE LOPERAMIDA,2028-03-01,2028-09-01,2032-03-01,2033-03-01
MEDICAMENTO,IODETO DE POTASSIO,16/04/2001,SIMILAR,105350014,2002-07-01,25992009624,EXPECTORANTES SIMPLES,17115437000173 - LABORATÓRIO GLOBO SA,CADUCO/CANCELADO,,2001-07-01,2002-01-01,2005-07-01,2006-07-01
MEDICAMENTO,KOLPAZOL,20/06/1996,SIMILAR,105350027,2017-01-01,25992007231,ANTIMICOTICOS SISTEMICOS + PRODS  GINECOLOGICOS ANTINFECC  TOPICOS ASSOC  MEDICAMENTOSAS,17115437000173 - LABORATÓRIO GLOBO SA,CADUCO/CANCELADO,,2016-01-01,2016-07-01,2020-01-01,2021-01-01
MEDICAMENTO,L-CARBOCISTEINA,21/01/2002,SIMILAR,105350120,2007-01-01,25351025892,EXPECTORANTES,17115437000173 - LABORATÓRIO GLOBO SA,CADUCO/CANCELADO,,2006-01-01,2006-07-01,2010-01-01,2011-01-01
MEDICAMENTO,LAMPRAL,03/01/2003,SIMILAR,105350129,2013-01-01,25351012061,ANTIULCEROSOS,17115437000173 - LABORATÓRIO GLOBO SA,CADUCO/CANCELADO,,2012-01-01,2012-07-01,2016-01-01,2017-01-01
MEDICAMENTO,LERGIDRIN,17/03/2014,SIMILAR,105350177,2029-03-01,25351471724,ANTI-HISTAMINICOS SISTEMICOS,17115437000173 - LABORATÓRIO GLOBO SA,VÁLIDO,BETAMETASONA +  MALEATO DE DEXCLORFENIRAMINA,2028-03-01,2028-09-01,2032-03-01,2033-03-01
MEDICAMENTO,LERGITEC,24/12/2002,SIMILAR,105350131,2012-12-01,25351006430,ANTI-HISTAMINICOS SISTEMICOS,17115437000173 - LABORATÓRIO GLOBO SA,CADUCO/CANCELADO,,2011-12-01,2012-06-01,2015-12-01,2016-12-01
MEDICAMENTO,LIPFITE,03/11/2021,SIMILAR,105350224,2031-11-01,25351392773,ANTILIPEMICOS,17115437000173 - LABORATÓRIO GLOBO SA,VÁLIDO,CIPROFIBRATO,2030-11-01,2031-05-01,2034-11-01,2035-11-01
MEDICAMENTO,MALEAPRIL,12/01/1998,SIMILAR,105350096,2012-01-01,25000031074,ANTI-HIPERTENSIVOS + ANTI-HIPERTENSIVOS SIMPLES,17115437000173 - LABORATÓRIO GLOBO SA,CADUCO/CANCELADO,,2011-01-01,2011-07-01,2015-01-01,2016-01-01
MEDICAMENTO,MALEATO DE DEXCLORFENIRAMINA + BETAMETASONA,28/04/2008,GENÉRICO,105350142,2028-04-01,25351345461,ANTI-HISTAMINICOS SISTEMICOS,17115437000173 - LABORATÓRIO GLOBO SA,VÁLIDO,BETAMETASONA +  MALEATO DE DEXCLORFENIRAMINA,2027-04-01,2027-10-01,2031-04-01,2032-04-01
MEDICAMENTO,MALTENS,13/02/1998,SIMILAR,105350100,2013-02-01,25000016384,POLIVITAMINICOS + SAIS MINERAIS,17115437000173 - LABORATÓRIO GLOBO SA,CADUCO/CANCELADO,,2012-02-01,2012-08-01,2016-02-01,2017-02-01
MEDICAMENTO,MAPITRIM,16/01/2006,SIMILAR,105350138,2011-01-01,25000024347,TRIMETOPRIMA EM ASSOCIACAO COM SULFAS,17115437000173 - LABORATÓRIO GLOBO SA,CADUCO/CANCELADO,,2010-01-01,2010-07-01,2014-01-01,2015-01-01
MEDICAMENTO,MEBENDAZOL,26/03/2001,SIMILAR,105350030,2006-03-01,25992001287,ANTI-HELMINTICOS DO TRATO GASTRINTESTINAL,17115437000173 - LABORATÓRIO GLOBO SA,CADUCO/CANCELADO,,2005-03-01,2005-09-01,2009-03-01,2010-03-01
MEDICAMENTO,METRONIDAZOL,10/05/1996,SIMILAR,105350015,2009-10-01,25991001148,"AMEBICIDAS, GIARDICIDAS E TRICOMONICIDAS",17115437000173 - LABORATÓRIO GLOBO SA,CADUCO/CANCELADO,,2008-10-01,2009-04-01,2012-10-01,2013-10-01
MEDICAMENTO,NEOLEND,15/09/1994,SIMILAR,105350072,2009-07-01,25000002309,ESCABICIDAS E OUTROS ECTOPARASITICIDAS,17115437000173 - LABORATÓRIO GLOBO SA,CADUCO/CANCELADO,,2008-07-01,2009-01-01,2012-07-01,2013-07-01
MEDICAMENTO,NEOM,19/06/2000,SIMILAR,105350009,2014-01-01,25991009641,AMINOGLICOSIDEOS,17115437000173 - LABORATÓRIO GLOBO SA,CADUCO/CANCELADO,,2013-01-01,2013-07-01,2017-01-01,2018-01-01
MEDICAMENTO,NEONID,10/03/2009,SIMILAR,105350157,2014-03-01,25351360584,GLICOCORTICOIDES TOP. SIMP. EXC. USO OFTALM.,17115437000173 - LABORATÓRIO GLOBO SA,CADUCO/CANCELADO,,2013-03-01,2013-09-01,2017-03-01,2018-03-01
MEDICAMENTO,NISTATINA + OXIDO DE ZINCO,20/04/2009,GENÉRICO,105350158,2029-04-01,25351384280,EMOLIENTES E PROTETORES DA PELE E MUCOSAS,17115437000173 - LABORATÓRIO GLOBO SA,VÁLIDO,NISTATINA +  ÓXIDO DE ZINCO,2028-04-01,2028-10-01,2032-04-01,2033-04-01
MEDICAMENTO,NITRATO DE ISOCONAZOL,19/01/2009,GENÉRICO,105350151,2029-01-01,25351173080,ANTIMICOTICOS PARA USO TOPICO,17115437000173 - LABORATÓRIO GLOBO SA,VÁLIDO,NITRATO DE ISOCONAZOL,2028-01-01,2028-07-01,2032-01-01,2033-01-01
MEDICAMENTO,NORFLOXACINO,03/08/2009,GENÉRICO,105350164,2029-08-01,25351464061,ANTIBIOTICOS SISTEMICOS SIMPLES,17115437000173 - LABORATÓRIO GLOBO SA,VÁLIDO,NORFLOXACINO,2028-08-01,2029-02-01,2032-08-01,2033-08-01
MEDICAMENTO,NORXACIN,16/01/1998,SIMILAR,105350097,2028-01-01,25000031075,ANTIBIOTICOS SISTEMICOS SIMPLES,17115437000173 - LABORATÓRIO GLOBO SA,VÁLIDO,NORFLOXACINO,2027-01-01,2027-07-01,2031-01-01,2032-01-01
MEDICAMENTO,NOVACIMET,27/08/2001,SIMILAR,105350080,2016-05-01,25000024342,ANTIULCEROSOS,17115437000173 - LABORATÓRIO GLOBO SA,CADUCO/CANCELADO,,2015-05-01,2015-11-01,2019-05-01,2020-05-01
MEDICAMENTO,NOVOPRAZOL,30/12/1996,SIMILAR,105350090,2016-12-01,25000027687,ANTIACIDOS E ANTIULCEROSOS,17115437000173 - LABORATÓRIO GLOBO SA,CADUCO/CANCELADO,,2015-12-01,2016-06-01,2019-12-01,2020-12-01
MEDICAMENTO,NOVOPRAZOL,15/09/2014,SIMILAR,105350178,2029-09-01,25351225576,ANTIULCEROSOS,17115437000173 - LABORATÓRIO GLOBO SA,VÁLIDO,OMEPRAZOL,2028-09-01,2029-03-01,2032-09-01,2033-09-01
MEDICAMENTO,NOVOSORO H,07/07/2008,ESPECÍFICO,105350144,2028-07-01,25351235380,PRODUTO PARA O APARELHO RESPIRATORIO,17115437000173 - LABORATÓRIO GLOBO SA,VÁLIDO,CLORETO DE SÓDIO,2027-07-01,2028-01-01,2031-07-01,2032-07-01
MEDICAMENTO,NOVOSORO NF,19/01/2009,SIMILAR,105350152,2029-01-01,25351261693,DESCONGESTIONANTES NASAIS TOPICOS,17115437000173 - LABORATÓRIO GLOBO SA,VÁLIDO,CLORIDRATO DE NAFAZOLINA,2028-01-01,2028-07-01,2032-01-01,2033-01-01
MEDICAMENTO,OMEPRAZOL,01/08/2011,GENÉRICO,105350172,2026-08-01,25351129074,ANTIULCEROSOS,17115437000173 - LABORATÓRIO GLOBO SA,VÁLIDO,OMEPRAZOL,2025-08-01,2026-02-01,2029-08-01,2030-08-01
MEDICAMENTO,OPTAFLAN,08/05/1997,SIMILAR,105350094,2017-05-01,25000041277,ANTINFLAMATORIOS,17115437000173 - LABORATÓRIO GLOBO SA,CADUCO/CANCELADO,,2016-05-01,2016-11-01,2020-05-01,2021-05-01
MEDICAMENTO,OPTAFLAN,05/08/2019,SIMILAR,105350210,2029-08-01,25351327374,ANTINFLAMATORIOS,17115437000173 - LABORATÓRIO GLOBO SA,CADUCO/CANCELADO,,2028-08-01,2029-02-01,2032-08-01,2033-08-01
MEDICAMENTO,OPTAMAX,02/08/1994,SIMILAR,105350071,2014-06-01,25000002310,ANTINFLAMATORIOS ANTIREUMATICOS,17115437000173 - LABORATÓRIO GLOBO SA,CADUCO/CANCELADO,,2013-06-01,2013-12-01,2017-06-01,2018-06-01
MEDICAMENTO,OSSOMAX,12/01/1998,SIMILAR,105350095,2018-01-01,25000031076,SUPRESSORES DA REABSORCAO OSSEA,17115437000173 - LABORATÓRIO GLOBO SA,CADUCO/CANCELADO,,2017-01-01,2017-07-01,2021-01-01,2022-01-01
MEDICAMENTO,PERMETRINA,11/03/1997,SIMILAR,105350091,2002-03-01,25000027689,ESCABICIDAS E OUTROS ECTOPARASITICIDAS,17115437000173 - LABORATÓRIO GLOBO SA,CADUCO/CANCELADO,,2001-03-01,2001-09-01,2005-03-01,2006-03-01
MEDICAMENTO,PIROFEBRAN,18/04/2001,SIMILAR,105350011,2007-09-01,25992009628,ANALGESICOS NAO NARCOTICOS,17115437000173 - LABORATÓRIO GLOBO SA,CADUCO/CANCELADO,,2006-09-01,2007-03-01,2010-09-01,2011-09-01
MEDICAMENTO,PIROXAN,17/05/1996,SIMILAR,105350081,2011-05-01,25000001556,ANTINFLAMATORIOS,17115437000173 - LABORATÓRIO GLOBO SA,CADUCO/CANCELADO,,2010-05-01,2010-11-01,2014-05-01,2015-05-01
MEDICAMENTO,POLARATIN,02/01/2002,SIMILAR,105350119,2016-12-01,25351012062,ANTIALERGICOS,17115437000173 - LABORATÓRIO GLOBO SA,CADUCO/CANCELADO,,2015-12-01,2016-06-01,2019-12-01,2020-12-01
MEDICAMENTO,PRESSOCORD,04/07/2001,SIMILAR,105350116,2011-07-01,25351025711,ANTI-HIPERTENSIVOS,17115437000173 - LABORATÓRIO GLOBO SA,CADUCO/CANCELADO,,2010-07-01,2011-01-01,2014-07-01,2015-07-01
MEDICAMENTO,PROPALOL,29/04/1996,SIMILAR,105350076,2021-04-01,25000001565,BETABLOQUEADORES SIMPLES,17115437000173 - LABORATÓRIO GLOBO SA,CADUCO/CANCELADO,,2020-04-01,2020-10-01,2024-04-01,2025-04-01
MEDICAMENTO,PROPALOL,02/04/2018,SIMILAR,105350200,2028-04-01,25351670852,BETABLOQUEADORES SIMPLES,17115437000173 - LABORATÓRIO GLOBO SA,VÁLIDO,CLORIDRATO DE PROPRANOLOL,2027-04-01,2027-10-01,2031-04-01,2032-04-01
MEDICAMENTO,PROSOLIN,20/03/2017,SIMILAR,105350191,2027-03-01,25351911388,GLICOCORTICOIDES SISTEMICOS,17115437000173 - LABORATÓRIO GLOBO SA,VÁLIDO,FOSFATO SÓDICO DE PREDNISOLONA,2026-03-01,2026-09-01,2030-03-01,2031-03-01
MEDICAMENTO,RANYTISAN,17/05/1996,SIMILAR,105350077,2011-05-01,25000024345,ANTIULCEROSOS,17115437000173 - LABORATÓRIO GLOBO SA,CADUCO/CANCELADO,,2010-05-01,2010-11-01,2014-05-01,2015-05-01
MEDICAMENTO,RARIVIT,15/07/2003,SIMILAR,105350029,2005-02-01,25991001076,POLIVITAMINICOS SEM MINERAIS,17115437000173 - LABORATÓRIO GLOBO SA,CADUCO/CANCELADO,,2004-02-01,2004-08-01,2008-02-01,2009-02-01
MEDICAMENTO,RARIVIT,27/06/2005,ESPECÍFICO,105350133,2015-06-01,25351023879,POLIVITAMINICOS SEM MINERAIS,17115437000173 - LABORATÓRIO GLOBO SA,CADUCO/CANCELADO,,2014-06-01,2014-12-01,2018-06-01,2019-06-01
MEDICAMENTO,RARIVIT GLB COM FLÚOR,02/01/2006,ESPECÍFICO,105350137,2015-12-01,25351266581,POLIVITAMINICOS SEM MINERAIS,17115437000173 - LABORATÓRIO GLOBO SA,CADUCO/CANCELADO,,2014-12-01,2015-06-01,2018-12-01,2019-12-01
MEDICAMENTO,REHIDRAZOL,10/12/2007,ESPECÍFICO,105350139,2027-12-01,25351121068,REIDRATANTES ORAIS,17115437000173 - LABORATÓRIO GLOBO SA,VÁLIDO,CLORETO DE POTÁSSIO +  CLORETO DE SÓDIO +  GLICOSE +  CITRATO DE SÓDIO DIHIDRATADO,2026-12-01,2027-06-01,2030-12-01,2031-12-01
MEDICAMENTO,RESPIRAN,15/06/2009,SIMILAR,105350162,2029-06-01,25351398128,BRONCODILATADORES,17115437000173 - LABORATÓRIO GLOBO SA,CADUCO/CANCELADO,,2028-06-01,2028-12-01,2032-06-01,2033-06-01
MEDICAMENTO,SALBUTAMOL,20/11/2000,SIMILAR,105350018,2004-05-01,25992003174,BRONCODILATADORES,17115437000173 - LABORATÓRIO GLOBO SA,CADUCO/CANCELADO,,2003-05-01,2003-11-01,2007-05-01,2008-05-01
MEDICAMENTO,SCAFLOGIN,01/07/2002,SIMILAR,105350124,2027-07-01,25351006433,ANTINFLAMATORIOS,17115437000173 - LABORATÓRIO GLOBO SA,VÁLIDO,NIMESULIDA,2026-07-01,2027-01-01,2030-07-01,2031-07-01
MEDICAMENTO,SECNIDAZOL,09/02/2001,SIMILAR,105350105,2011-02-01,25351022916,"AMEBICIDAS, GIARDICIDAS E TRICOMONICIDAS",17115437000173 - LABORATÓRIO GLOBO SA,CADUCO/CANCELADO,,2010-02-01,2010-08-01,2014-02-01,2015-02-01
MEDICAMENTO,SECNIMAX,16/04/2001,SIMILAR,105350110,2026-04-01,25351022973,"AMEBICIDAS, GIARDICIDAS E TRICOMONICIDAS",17115437000173 - LABORATÓRIO GLOBO SA,VÁLIDO,SECNIDAZOL,2025-04-01,2025-10-01,2029-04-01,2030-04-01
MEDICAMENTO,SIMLIP,18/01/2021,SIMILAR,105350219,2031-01-01,25351847804,ANTILIPEMICOS,17115437000173 - LABORATÓRIO GLOBO SA,VÁLIDO,SINVASTATINA,2030-01-01,2030-07-01,2034-01-01,2035-01-01
MEDICAMENTO,SINTAFLAT,11/04/2002,SIMILAR,105350123,2022-04-01,25351009195,ADSORVENTES E ANTIFISETICOS INTESTINAIS SIMPLES,17115437000173 - LABORATÓRIO GLOBO SA,CADUCO/CANCELADO,,2021-04-01,2021-10-01,2025-04-01,2026-04-01
MEDICAMENTO,SINVASMAX,09/01/2017,SIMILAR,105350188,2027-01-01,25351150670,ANTILIPEMICOS,17115437000173 - LABORATÓRIO GLOBO SA,VÁLIDO,SINVASTATINA,2026-01-01,2026-07-01,2030-01-01,2031-01-01
MEDICAMENTO,SPECDERA,22/04/2019,FITOTERÁPICO,105350207,2029-04-01,25351385087,EXPECTORANTES + FITOTERAPICO SIMPLES,17115437000173 - LABORATÓRIO GLOBO SA,VÁLIDO,HEDERA HELIX L.,2028-04-01,2028-10-01,2032-04-01,2033-04-01
MEDICAMENTO,SPECTOFLUX,27/05/2003,SIMILAR,105350132,2028-05-01,25351020016,EXPECTORANTES BALSAMICOS E MUCOLITICO,17115437000173 - LABORATÓRIO GLOBO SA,VÁLIDO,CLORIDRATO DE AMBROXOL,2027-05-01,2027-11-01,2031-05-01,2032-05-01
MEDICAMENTO,TIOCONAZOL + TINIDAZOL,20/04/2009,GENÉRICO,105350154,2029-04-01,25351064661,ANTINFECCIOSOS TOPICOS-ASSOCIACOES MEDICAMENTOSAS,17115437000173 - LABORATÓRIO GLOBO SA,VÁLIDO,TINIDAZOL +  TIOCONAZOL,2028-04-01,2028-10-01,2032-04-01,2033-04-01
MEDICAMENTO,TRANQUIL,27/09/2021,FITOTERÁPICO,105350223,2031-09-01,25351035129,,17115437000173 - LABORATÓRIO GLOBO SA,VÁLIDO,PASSIFLORA INCARNATA L.,2030-09-01,2031-03-01,2034-09-01,2035-09-01
MEDICAMENTO,TRIFORMIN,10/10/2005,SIMILAR,105350135,2025-10-01,25351035717,HIPOGLICEMIANTE ORAL,17115437000173 - LABORATÓRIO GLOBO SA,CADUCO/CANCELADO,,2024-10-01,2025-04-01,2028-10-01,2029-10-01
MEDICAMENTO,TÔNICO VITAL,27/11/2001,ESPECÍFICO,105350028,2016-03-01,25992003577,OUTROS ANTIANEMICOS,17115437000173 - LABORATÓRIO GLOBO SA,CADUCO/CANCELADO,,2015-03-01,2015-09-01,2019-03-01,2020-03-01
MEDICAMENTO,ZOLPROX,16/04/2001,SIMILAR,105350111,2011-04-01,25351022969,ANTINFECCIOSOS,17115437000173 - LABORATÓRIO GLOBO SA,CADUCO/CANCELADO,,2010-04-01,2010-10-01,2014-04-01,2015-04-01
MEDICAMENTO,ZOLPROX,15/10/2012,SIMILAR,105350174,2027-10-01,25351717878,ANTIBIOTICOS SISTEMICOS SIMPLES,17115437000173 - LABORATÓRIO GLOBO SA,VÁLIDO,AZITROMICINA DI-HIDRATADA,2026-10-01,2027-04-01,2030-10-01,2031-10-01
MEDICAMENTO,acebrofilina,24/07/2017,GENÉRICO,105350196,2027-07-01,25351348186,BRONCODILATADORES,17115437000173 - LABORATÓRIO GLOBO SA,VÁLIDO,ACEBROFILINA,2026-07-01,2027-01-01,2030-07-01,2031-07-01
MEDICAMENTO,acetato de dexametasona,24/07/2017,GENÉRICO,105350195,2027-07-01,25351336573,GLICOCORTICOIDES TOP. SIMP. EXC. USO OFTALM.,17115437000173 - LABORATÓRIO GLOBO SA,VÁLIDO,ACETATO DE DEXAMETASONA,2026-07-01,2027-01-01,2030-07-01,2031-07-01
MEDICAMENTO,alendronato de sódio,09/08/2021,GENÉRICO,105350222,2031-08-01,25351401557,SUPRESSORES DA REABSORCAO OSSEA,17115437000173 - LABORATÓRIO GLOBO SA,VÁLIDO,ALENDRONATO DE SÓDIO TRI-HIDRATADO,2030-08-01,2031-02-01,2034-08-01,2035-08-01
MEDICAMENTO,bromoprida,22/02/2011,GENÉRICO,105350171,2026-02-01,25351251691,ANTIEMETICOS E ANTINAUSEANTES,17115437000173 - LABORATÓRIO GLOBO SA,VÁLIDO,BROMOPRIDA,2025-02-01,2025-08-01,2029-02-01,2030-02-01
MEDICAMENTO,celecoxibe,19/07/2021,GENÉRICO,105350221,2031-07-01,25351392912,ANTINFLAMATORIOS,17115437000173 - LABORATÓRIO GLOBO SA,VÁLIDO,CELECOXIBE,2030-07-01,2031-01-01,2034-07-01,2035-07-01
MEDICAMENTO,cetoconazol,15/09/2008,GENÉRICO,105350145,2013-09-01,25351145253,ANTIMICOTICO,17115437000173 - LABORATÓRIO GLOBO SA,CADUCO/CANCELADO,,2012-09-01,2013-03-01,2016-09-01,2017-09-01
MEDICAMENTO,cetoconazol,30/05/2016,GENÉRICO,105350182,2026-05-01,25351006301,ANTIMICOTICO,17115437000173 - LABORATÓRIO GLOBO SA,VÁLIDO,CETOCONAZOL,2025-05-01,2025-11-01,2029-05-01,2030-05-01
MEDICAMENTO,cetoconazol,16/01/2017,GENÉRICO,105350190,2027-01-01,25351508817,ANTIMICOTICO,17115437000173 - LABORATÓRIO GLOBO SA,CADUCO/CANCELADO,,2026-01-01,2026-07-01,2030-01-01,2031-01-01
MEDICAMENTO,cetoconazol,08/06/2020,GENÉRICO,105350216,2030-06-01,25351417785,ANTIMICOTICO,17115437000173 - LABORATÓRIO GLOBO SA,VÁLIDO,CETOCONAZOL,2029-06-01,2029-12-01,2033-06-01,2034-06-01
MEDICAMENTO,cetoconazol+dipropionato de betametasona,14/12/2009,GENÉRICO,105350168,2029-12-01,25351056489,ANTINFECCIOSOS TOPICOS-ASSOCIACOES MEDICAMENTOSAS,17115437000173 - LABORATÓRIO GLOBO SA,VÁLIDO,CETOCONAZOL +  DIPROPIONATO DE BETAMETASONA,2028-12-01,2029-06-01,2032-12-01,2033-12-01
MEDICAMENTO,ciprofibrato,18/09/2017,GENÉRICO,105350198,2027-09-01,25351418859,ANTILIPEMICOS,17115437000173 - LABORATÓRIO GLOBO SA,CADUCO/CANCELADO,,2026-09-01,2027-03-01,2030-09-01,2031-09-01
MEDICAMENTO,ciprofibrato,04/04/2022,GENÉRICO,105350225,2032-04-01,25351743313,ANTILIPEMICOS,17115437000173 - LABORATÓRIO GLOBO SA,VÁLIDO,CIPROFIBRATO,2031-04-01,2031-10-01,2035-04-01,2036-04-01
MEDICAMENTO,cloridrato de ciclobenzaprina,25/05/2020,GENÉRICO,105350215,2030-05-01,25351507020,RELAXANTES MUSCULARES,17115437000173 - LABORATÓRIO GLOBO SA,VÁLIDO,CLORIDRATO DE CICLOBENZAPRINA,2029-05-01,2029-11-01,2033-05-01,2034-05-01
MEDICAMENTO,cloridrato de loperamida,20/04/2009,GENÉRICO,105350159,2029-04-01,25351212375,ANTIDIARREICOS SIMPLES SEM ACAO ANTIMICROBIANA,17115437000173 - LABORATÓRIO GLOBO SA,VÁLIDO,CLORIDRATO DE LOPERAMIDA,2028-04-01,2028-10-01,2032-04-01,2033-04-01
MEDICAMENTO,cloridrato de nafazolina,06/10/2008,GENÉRICO,105350147,2028-10-01,25351073279,DESCONGESTIONANTES NASAIS TOPICOS,17115437000173 - LABORATÓRIO GLOBO SA,VÁLIDO,CLORIDRATO DE NAFAZOLINA,2027-10-01,2028-04-01,2031-10-01,2032-10-01
MEDICAMENTO,cloridrato de propranolol,20/03/2017,GENÉRICO,105350192,2027-03-01,25351460060,BETABLOQUEADORES SIMPLES,17115437000173 - LABORATÓRIO GLOBO SA,VÁLIDO,CLORIDRATO DE PROPRANOLOL,2026-03-01,2026-09-01,2030-03-01,2031-03-01
MEDICAMENTO,cloridrato de sertralina,10/06/2019,GENÉRICO,105350209,2029-06-01,25351883713,ANTIDEPRESSIVOS,17115437000173 - LABORATÓRIO GLOBO SA,VÁLIDO,CLORIDRATO DE SERTRALINA,2028-06-01,2028-12-01,2032-06-01,2033-06-01
MEDICAMENTO,desonida,27/10/2008,GENÉRICO,105350148,2028-10-01,25351170521,GLICOCORTICOIDES TOP. SIMP. EXC. USO OFTALM.,17115437000173 - LABORATÓRIO GLOBO SA,VÁLIDO,DESONIDA,2027-10-01,2028-04-01,2031-10-01,2032-10-01
MEDICAMENTO,fluconazol,16/01/2017,GENÉRICO,105350189,2027-01-01,25351467748,ANTIMICOTICOS SISTEMICOS,17115437000173 - LABORATÓRIO GLOBO SA,VÁLIDO,FLUCONAZOL,2026-01-01,2026-07-01,2030-01-01,2031-01-01
MEDICAMENTO,fosfato sódico de prednisolona,19/09/2016,GENÉRICO,105350186,2026-09-01,25351911558,GLICOCORTICOIDES SISTEMICOS,17115437000173 - LABORATÓRIO GLOBO SA,VÁLIDO,FOSFATO SÓDICO DE PREDNISOLONA,2025-09-01,2026-03-01,2029-09-01,2030-09-01
MEDICAMENTO,ibuprofeno,25/01/2021,GENÉRICO,105350220,2031-01-01,25351349889,ANALGESICOS NAO NARCOTICOS,17115437000173 - LABORATÓRIO GLOBO SA,VÁLIDO,IBUPROFENO,2030-01-01,2030-07-01,2034-01-01,2035-01-01
MEDICAMENTO,levofloxacino,18/03/2019,GENÉRICO,105350206,2029-03-01,25351000079,ANTIBIOTICOS SISTEMICOS SIMPLES,17115437000173 - LABORATÓRIO GLOBO SA,VÁLIDO,LEVOFLOXACINO HEMI-HIDRATADO,2028-03-01,2028-09-01,2032-03-01,2033-03-01
MEDICAMENTO,loratadina,23/06/2008,GENÉRICO,105350143,2028-06-01,25351143946,ANTI-HISTAMINICOS SISTEMICOS,17115437000173 - LABORATÓRIO GLOBO SA,VÁLIDO,LORATADINA,2027-06-01,2027-12-01,2031-06-01,2032-06-01
MEDICAMENTO,losartana potássica,06/04/2020,GENÉRICO,105350214,2030-04-01,25351457655,ANTI-HIPERTENSIVOS SIMPLES,17115437000173 - LABORATÓRIO GLOBO SA,VÁLIDO,LOSARTANA POTÁSSICA,2029-04-01,2029-10-01,2033-04-01,2034-04-01
MEDICAMENTO,nimesulida,10/09/2018,SIMILAR,105350203,2028-09-01,25351074474,ANTINFLAMATORIOS,17115437000173 - LABORATÓRIO GLOBO SA,VÁLIDO,NIMESULIDA,2027-09-01,2028-03-01,2031-09-01,2032-09-01
MEDICAMENTO,paracetamol,16/09/2019,GENÉRICO,105350211,2029-09-01,25351355599,ANALGESICOS NAO NARCOTICOS,17115437000173 - LABORATÓRIO GLOBO SA,VÁLIDO,PARACETAMOL,2028-09-01,2029-03-01,2032-09-01,2033-09-01
MEDICAMENTO,prednisona,30/11/2020,GENÉRICO,105350218,2030-11-01,25351677546,GLICOCORTICOIDES SISTEMICOS,17115437000173 - LABORATÓRIO GLOBO SA,VÁLIDO,PREDNISONA,2029-11-01,2030-05-01,2033-11-01,2034-11-01
MEDICAMENTO,propionato de clobetasol,16/11/2009,GENÉRICO,105350167,2029-11-01,25351378030,GLICOCORTICOIDES TOP. SIMP. EXC. USO OFTALM.,17115437000173 - LABORATÓRIO GLOBO SA,VÁLIDO,PROPIONATO DE CLOBETASOL,2028-11-01,2029-05-01,2032-11-01,2033-11-01
MEDICAMENTO,secnidazol,19/12/2016,GENÉRICO,105350187,2026-12-01,25351345191,"AMEBICIDAS, GIARDICIDAS E TRICOMONICIDAS",17115437000173 - LABORATÓRIO GLOBO SA,VÁLIDO,SECNIDAZOL,2025-12-01,2026-06-01,2029-12-01,2030-12-01
MEDICAMENTO,sinvasmax,05/09/2005,SIMILAR,105350134,2020-09-01,25351035716,ANTILIPEMICOS,17115437000173 - LABORATÓRIO GLOBO SA,CADUCO/CANCELADO,,2019-09-01,2020-03-01,2023-09-01,2024-09-01
MEDICAMENTO,sinvastatina,22/08/2016,GENÉRICO,105350185,2026-08-01,25351150668,ANTILIPEMICOS,17115437000173 - LABORATÓRIO GLOBO SA,VÁLIDO,SINVASTATINA,2025-08-01,2026-02-01,2029-08-01,2030-08-01
MEDICAMENTO,sulfato de neomicina + bacitracina zíncica,17/09/2018,GENÉRICO,105350204,2028-09-01,25351071785,ANTINFECCIOSOS TOPICOS-ASSOCIACOES MEDICAMENTOSAS,17115437000173 - LABORATÓRIO GLOBO SA,VÁLIDO,BACITRACINA ZÍNCICA +  SULFATO DE NEOMICINA,2027-09-01,2028-03-01,2031-09-01,2032-09-01
MEDICAMENTO,ácido acetilsalicílico,17/04/2017,GENÉRICO,105350194,2027-04-01,25351129679,ANALGESICOS NAO NARCOTICOS,17115437000173 - LABORATÓRIO GLOBO SA,CADUCO/CANCELADO,,2026-04-01,2026-10-01,2030-04-01,2031-04-01
MEDICAMENTO,SCAFLOGIN GOTAS,02/05/2022,SIMILAR,105350226,,25351933753,ANTINFLAMATORIOS,17115437000173 - LABORATÓRIO GLOBO SA,VÁLIDO,NIMESULIDA,,,,
MEDICAMENTO,risperidona,,GENÉRICO,105350227,,25351516887,NEUROLEPTICOS,17115437000173 - LABORATÓRIO GLOBO SA,VÁLIDO,RISPERIDONA,,,,
MEDICAMENTO,nimesulida,,GENÉRICO,105350228,2032-06-01,25351527126,ANTINFLAMATORIOS,17115437000173 - LABORATÓRIO GLOBO SA,VÁLIDO,NIMESULIDA,2031-06-01,2031-12-01,2035-06-01,2036-06-01
MEDICAMENTO,RISPXAN,,SIMILAR,105350229,2032-08-01,25351516888,NEUROLEPTICOS,17115437000173 - LABORATÓRIO GLOBO SA,VÁLIDO,RISPERIDONA,2031-08-01,2032-02-01,2035-08-01,2036-08-01
MEDICAMENTO,Ibuprofeno,,GENÉRICO,105350230,,25351673245,ANTINFLAMATORIOS ANTIREUMATICOS,17115437000173 - LABORATÓRIO GLOBO SA,VÁLIDO,IBUPROFENO,,,,
MEDICAMENTO,DIGLIXX,,SIMILAR,105350232,,25351656185,ANTIDIABETICOS,17115437000173 - LABORATÓRIO GLOBO SA,VÁLIDO,CLORIDRATO DE METFORMINA,,,,
MEDICAMENTO,IBUGLOBO,,SIMILAR,105350231,,25351001516,ANTINFLAMATORIOS ANTIREUMATICOS,17115437000173 - LABORATÓRIO GLOBO SA,VÁLIDO,IBUPROFENO,,,,
MEDICAMENTO,TRANQUIL,10/07/2023,FITOTERÁPICO,105350233,2033-07-01,25351880651,ANSIOLITICOS SIMPLES,17115437000173 - LABORATÓRIO GLOBO SA,VÁLIDO,PASSIFLORA INCARNATA L.,2032-07-01,2033-01-01,2036-07-01,2037-07-01
MEDICAMENTO,aripiprazol,,GENÉRICO,105350234,2033-09-01,25351512718,ANTIPSICOTICOS,17115437000173 - LABORATÓRIO GLOBO SA,VÁLIDO,ARIPIPRAZOL,2032-09-01,2033-03-01,2036-09-01,2037-09-01
MEDICAMENTO,cloridrato de pioglitazona,,GENÉRICO,105350237,2033-09-01,25351556608,ANTIDIABETICOS,17115437000173 - LABORATÓRIO GLOBO SA,VÁLIDO,CLORIDRATO DE PIOGLITAZONA,2032-09-01,2033-03-01,2036-09-01,2037-09-01
MEDICAMENTO,cloridrato de venlafaxina,,GENÉRICO,105350236,2033-09-01,25351554333,ANTIDEPRESSIVOS,17115437000173 - LABORATÓRIO GLOBO SA,VÁLIDO,CLORIDRATO DE VENLAFAXINA,2032-09-01,2033-03-01,2036-09-01,2037-09-01
MEDICAMENTO,mirtazapina,,GENÉRICO,105350235,2033-09-01,25351551135,ANTIDEPRESSIVOS,17115437000173 - LABORATÓRIO GLOBO SA,VÁLIDO,MIRTAZAPINA,2032-09-01,2033-03-01,2036-09-01,2037-09-01
MEDICAMENTO,cloridrato de trazodona,,GENÉRICO,105350238,2033-10-01,25351512717,ANTIDEPRESSIVOS + OUTROS ANTIDEPRESSIVOS,17115437000173 - LABORATÓRIO GLOBO SA,VÁLIDO,CLORIDRATO DE TRAZODONA,2032-10-01,2033-04-01,2036-10-01,2037-10-01
MEDICAMENTO,rivaroxabana,,SIMILAR,105350239,2033-10-01,25351572566,AGENTES ANTITROMBÓTICOS,17115437000173 - LABORATÓRIO GLOBO SA,VÁLIDO,RIVAROXABANA,2032-10-01,2033-04-01,2036-10-01,2037-10-01
MEDICAMENTO,GLOBOFLU,,SIMILAR,105350240,2033-10-01,25351469420,ANTIVIRÓTICOS,17115437000173 - LABORATÓRIO GLOBO SA,VÁLIDO,FOSFATO DE OSELTAMIVIR,2032-10-01,2033-04-01,2036-10-01,2037-10-01
MEDICAMENTO,cloridrato de tramadol + paracetamol,,GENÉRICO,105350241,2033-10-01,25351512716,ANALGESICOS NARCOTICOS,17115437000173 - LABORATÓRIO GLOBO SA,VÁLIDO,CLORIDRATO DE TRAMADOL +  PARACETAMOL,2032-10-01,2033-04-01,2036-10-01,2037-10-01
MEDICAMENTO,DIGLUSS,06/11/2023,SIMILAR,105350242,2033-11-01,25351579924,ANTIDIABETICOS,17115437000173 - LABORATÓRIO GLOBO SA,VÁLIDO,VILDAGLIPTINA,2032-11-01,2033-05-01,2036-11-01,2037-11-01
MEDICAMENTO,Diaglits,13/11/2023,SIMILAR,105350243,2033-11-01,25351561213,ANTIDIABETICOS,17115437000173 - LABORATÓRIO GLOBO SA,VÁLIDO,CLORIDRATO DE PIOGLITAZONA,2032-11-01,2033-05-01,2036-11-01,2037-11-01
