URL,Expediente,DataExpediente,NumProtocolo,Processo,Empresa,CNPJ,Assunto,EncontraSeNa,SituacaoAtual,DataInicio
https://consultas.anvisa.gov.br/#/documentos/tecnicos/expediente/6967994211/,,,,,,,-,"- 
                        
                        Enc.:",,
https://consultas.anvisa.gov.br/#/documentos/tecnicos/expediente/0636517125/,,,,,,,-,"- 
                        
                        Enc.:",,
https://consultas.anvisa.gov.br/#/documentos/tecnicos/expediente/0828126232/,,,,,,,-,"- 
                        
                        Enc.:",,
https://consultas.anvisa.gov.br/#/documentos/tecnicos/expediente/0927032236/,,,,,,,-,"- 
                        
                        Enc.:",,
https://consultas.anvisa.gov.br/#/documentos/tecnicos/expediente/4226319222/,,,,,,,-,"- 
                        
                        Enc.:",,
https://consultas.anvisa.gov.br/#/documentos/tecnicos/expediente/0886239137/,0886239/13-7,18/10/2013,25352645053201375,25351.280059/2008-88,LABORATÓRIO GLOBO SA,17.115.437/0001-73,143 - GENÉRICO - Renovação de Registro de Medicamento,"COPRE.D - COORDENAÇÃO DE PÓS-REGISTRO
                            Desde: 02/04/2014",Revalidação automática em 14/05/2014.,
https://consultas.anvisa.gov.br/#/documentos/tecnicos/expediente/0815618182/,0815618/18-2,16/08/2018,25352689490201858,25351.280059/2008-88,LABORATÓRIO GLOBO SA,17.115.437/0001-73,143 - GENÉRICO - Renovação de Registro de Medicamento,"GEPRE.D - GERÊNCIA DE AVALIAÇÃO DE TECNOLOGIA DE PÓS-REGISTRO DE MEDICAMENTOS SINTÉTICOS
                            
                            Enc.: 01/03/2019",Revalidação automática,08/07/2022
https://consultas.anvisa.gov.br/#/documentos/tecnicos/expediente/0262089208/,0262089/20-8,24/01/2020,25352228227202019,25351.280059/2008-88,LABORATÓRIO GLOBO SA,17.115.437/0001-73,10941 - RDC 73/2016 - GENÉRICO - Inclusão de novo fabricante do IFA,"GQMED - GERÊNCIA DE AVALIAÇÃO DA QUALIDADE DE MEDICAMENTOS SINTÉTICOS
                            Desde: 16/04/2020",Aprovação condicional – ausência de manifestação no prazo legal em 20/04/2020.,
https://consultas.anvisa.gov.br/#/documentos/tecnicos/expediente/0676398237/,,,,,,,-,"- 
                        
                        Enc.:",,
https://consultas.anvisa.gov.br/#/documentos/tecnicos/expediente/0375160230/,,,,,,,-,"- 
                        
                        Enc.:",,
https://consultas.anvisa.gov.br/#/documentos/tecnicos/expediente/823861118/,,,,,,,-,"- 
                        
                        Enc.:",,
https://consultas.anvisa.gov.br/#/documentos/tecnicos/expediente/7232560217/,7232560/21-7,16/12/2021,25352354583202160,25000.027684/9689,LABORATÓRIO GLOBO SA,17.115.437/0001-73,11006 - RDC 73/2016 - SIMILAR - Alteração de razão social do local de fabricação do medicamento,"CPMEC - COORDENAÇÃO DE PÓS-REGISTRO DE MEDICAMENTO DE MENOR COMPLEXIDADE
                            Desde: 18/04/2022",Anuído,18/04/2022
https://consultas.anvisa.gov.br/#/documentos/tecnicos/expediente/964162109/,,,,,,,-,"- 
                        
                        Enc.:",,
https://consultas.anvisa.gov.br/#/documentos/tecnicos/expediente/0268687182/,,,,,,,-,"- 
                        
                        Enc.:",,
https://consultas.anvisa.gov.br/#/documentos/tecnicos/expediente/7632884218/,7632884/21-8,17/12/2021,25352678234202131,25351.251691/2009-90,LABORATÓRIO GLOBO SA,17.115.437/0001-73,11004 - RDC 73/2016 - GENÉRICO - Alteração de razão social do local de fabricação do medicamento,"CPMEC - COORDENAÇÃO DE PÓS-REGISTRO DE MEDICAMENTO DE MENOR COMPLEXIDADE
                            Desde: 13/05/2022",Anuído,
https://consultas.anvisa.gov.br/#/documentos/tecnicos/expediente/0728930234/,0728930/23-4,14/07/2023,20230000000657841,25351.251691/2009-90,LABORATÓRIO GLOBO SA,17.115.437/0001-73,1411 - GENERICO - Cancelamento de Registro do Medicamento,"GGMED - GERÊNCIA-GERAL DE MEDICAMENTOS
                            Desde: 11/08/2023",Publicado deferimento em 11/08/2023.,11/08/2023
https://consultas.anvisa.gov.br/#/documentos/tecnicos/expediente/0426440191/,0426440/19-1,13/05/2019,25352327154201903,25000.015600/9934,LABORATÓRIO GLOBO SA,17.115.437/0001-73,10943 - RDC 73/2016 - SIMILAR - Inclusão de novo fabricante do IFA,"GQMED - GERÊNCIA DE AVALIAÇÃO DA QUALIDADE DE MEDICAMENTOS SINTÉTICOS
                            Desde: 13/02/2020",Aprovação condicional – ausência de manifestação no prazo legal em 26/02/2020.,
https://consultas.anvisa.gov.br/#/documentos/tecnicos/expediente/3248899198/,,,,,,,-,"- 
                        
                        Enc.:",,
https://consultas.anvisa.gov.br/#/documentos/tecnicos/expediente/0473770199/,,,,,,,-,"- 
                        
                        Enc.:",,
https://consultas.anvisa.gov.br/#/documentos/tecnicos/expediente/3335128197/,3335128/19-7,03/12/2019,25352663290201956,25351.460814/2014-54,LABORATÓRIO GLOBO SA,17.115.437/0001-73,10602 - GENÉRICO - Renovação de registro de medicamento - CLONE,"GEPRE.D - GERÊNCIA DE AVALIAÇÃO DE TECNOLOGIA DE PÓS-REGISTRO DE MEDICAMENTOS SINTÉTICOS
                            Desde: 03/12/2019",Petição encerrada,
https://consultas.anvisa.gov.br/#/documentos/tecnicos/expediente/6238544215/,,,,,,,-,"- 
                        
                        Enc.:",,
https://consultas.anvisa.gov.br/#/documentos/tecnicos/expediente/0483017142/,,,,,,,-,"- 
                        
                        Enc.:",,
https://consultas.anvisa.gov.br/#/documentos/tecnicos/expediente/0341521190/,,,,,,,-,"- 
                        
                        Enc.:",,
https://consultas.anvisa.gov.br/#/documentos/tecnicos/expediente/6968365214/,,,,,,,-,"- 
                        
                        Enc.:",,
https://consultas.anvisa.gov.br/#/documentos/tecnicos/expediente/0676237239/,,,,,,,-,"- 
                        
                        Enc.:",,
https://consultas.anvisa.gov.br/#/documentos/tecnicos/expediente/1354173236/,,,,,,,-,"- 
                        
                        Enc.:",,
https://consultas.anvisa.gov.br/#/documentos/tecnicos/expediente/6968990213/,6968990/21-3,15/12/2021,25352457028202199,25351.417785/2019-15,LABORATÓRIO GLOBO SA,17.115.437/0001-73,10506 - GENÉRICO - Modificação Pós-Registro - CLONE,"GQMED - GERÊNCIA DE AVALIAÇÃO DA QUALIDADE DE MEDICAMENTOS SINTÉTICOS
                            Desde: 15/12/2021",Anuído,16/03/2022
https://consultas.anvisa.gov.br/#/documentos/tecnicos/expediente/0166124188/,,,,,,,-,"- 
                        
                        Enc.:",,
https://consultas.anvisa.gov.br/#/documentos/tecnicos/expediente/0676241237/,,,,,,,-,"- 
                        
                        Enc.:",,
https://consultas.anvisa.gov.br/#/documentos/tecnicos/expediente/1354177231/,,,,,,,-,"- 
                        
                        Enc.:",,
https://consultas.anvisa.gov.br/#/documentos/tecnicos/expediente/938559102/,938559/10-2,13/12/2010,25352861204201086,25000.024349/94,LABORATÓRIO GLOBO SA,17.115.437/0001-73,142 - SIMILAR - Renovação de Registro de Medicamento,"COPRE.D - COORDENAÇÃO DE PÓS-REGISTRO
                            Desde: 07/06/2011",Revalidação automática,
https://consultas.anvisa.gov.br/#/documentos/tecnicos/expediente/0409039130/,,,,,,,-,"- 
                        
                        Enc.:",,
https://consultas.anvisa.gov.br/#/documentos/tecnicos/expediente/0268684188/,0268684/18-8,05/04/2018,25352212565201814,25351.377964/2008-50,LABORATÓRIO GLOBO SA,17.115.437/0001-73,143 - GENÉRICO - Renovação de Registro de Medicamento,"CPMEC - COORDENAÇÃO DE PÓS-REGISTRO DE MEDICAMENTO DE MENOR COMPLEXIDADE
                            Desde: 30/10/2018",Revalidação automática,08/07/2022
https://consultas.anvisa.gov.br/#/documentos/tecnicos/expediente/0676412236/,0676412/23-6,02/07/2023,20230000000609835,25351.743313/2021-30,LABORATÓRIO GLOBO SA,17.115.437/0001-73,10291 - GENÉRICO - Inclusão de rotulagem - Nova destinação,"CBRES - COORDENAÇÃO DE BULA, ROTULAGEM, REGISTRO SIMPLIFICADO E NOME COMERCIAL
                            Desde: 05/02/2024",Anuído,
https://consultas.anvisa.gov.br/#/documentos/tecnicos/expediente/0676404235/,,,,,,,-,"- 
                        
                        Enc.:",,
https://consultas.anvisa.gov.br/#/documentos/tecnicos/expediente/0958498196/,,,,,,,-,"- 
                        
                        Enc.:",,
https://consultas.anvisa.gov.br/#/documentos/tecnicos/expediente/6238805213/,,,,,,,-,"- 
                        
                        Enc.:",,
https://consultas.anvisa.gov.br/#/documentos/tecnicos/expediente/0676362236/,,,,,,,-,"- 
                        
                        Enc.:",,
https://consultas.anvisa.gov.br/#/documentos/tecnicos/expediente/3431466191/,,,,,,,-,"- 
                        
                        Enc.:",,
https://consultas.anvisa.gov.br/#/documentos/tecnicos/expediente/6969560211/,,,,,,,-,"- 
                        
                        Enc.:",,
https://consultas.anvisa.gov.br/#/documentos/tecnicos/expediente/0679310120/,0679310/12-0,22/08/2012,25352543741201211,25351.184926/2007-74,LABORATÓRIO GLOBO SA,17.115.437/0001-73,10200 - GENÉRICO - Alteração moderada de excipiente,"CPMEC - COORDENAÇÃO DE PÓS-REGISTRO DE MEDICAMENTO DE MENOR COMPLEXIDADE
                            Desde: 15/08/2018",Aprovação condicional – ausência de manifestação no prazo legal em 10/09/2018.,
https://consultas.anvisa.gov.br/#/documentos/tecnicos/expediente/0705799127/,0705799/12-7,30/08/2012,25352564269201219,25351.184926/2007-74,LABORATÓRIO GLOBO SA,17.115.437/0001-73,143 - GENÉRICO - Renovação de Registro de Medicamento,"COPRE.D - COORDENAÇÃO DE PÓS-REGISTRO
                            Desde: 03/09/2012",Revalidação automática,
https://consultas.anvisa.gov.br/#/documentos/tecnicos/expediente/0667313179/,,,,,,,-,"- 
                        
                        Enc.:",,
https://consultas.anvisa.gov.br/#/documentos/tecnicos/expediente/0676370237/,,,,,,,-,"- 
                        
                        Enc.:",,
https://consultas.anvisa.gov.br/#/documentos/tecnicos/expediente/0676402239/,,,,,,,-,"- 
                        
                        Enc.:",,
https://consultas.anvisa.gov.br/#/documentos/tecnicos/expediente/0612511125/,0612511/12-5,24/07/2012,25352490313201251,25351.516805/2006-15,LABORATÓRIO GLOBO SA,17.115.437/0001-73,143 - GENÉRICO - Renovação de Registro de Medicamento,"COPRE.D - COORDENAÇÃO DE PÓS-REGISTRO
                            Desde: 27/02/2013",Revalidação automática,
https://consultas.anvisa.gov.br/#/documentos/tecnicos/expediente/0667414173/,0667414/17-3,19/04/2017,25352570247201722,25351.516805/2006-15,LABORATÓRIO GLOBO SA,17.115.437/0001-73,143 - GENÉRICO - Renovação de Registro de Medicamento,"GEPRE.D - GERÊNCIA DE AVALIAÇÃO DE TECNOLOGIA DE PÓS-REGISTRO DE MEDICAMENTOS SINTÉTICOS
                            Desde: 06/02/2018",Revalidação automática,19/04/2018
https://consultas.anvisa.gov.br/#/documentos/tecnicos/expediente/0402979188/,,,,,,,-,"- 
                        
                        Enc.:",,
https://consultas.anvisa.gov.br/#/documentos/tecnicos/expediente/1973017199/,,,,,,,-,"- 
                        
                        Enc.:",,
https://consultas.anvisa.gov.br/#/documentos/tecnicos/expediente/1666519208/,,,,,,,-,"- 
                        
                        Enc.:",,
https://consultas.anvisa.gov.br/#/documentos/tecnicos/expediente/1022174231/,,,,,,,-,"- 
                        
                        Enc.:",,
https://consultas.anvisa.gov.br/#/documentos/tecnicos/expediente/0676416239/,,,,,,,-,"- 
                        
                        Enc.:",,
https://consultas.anvisa.gov.br/#/documentos/tecnicos/expediente/2651394193/,2651394/19-3,30/10/2019,25352918204201958,25351.408222/2009-64,LABORATÓRIO GLOBO SA,17.115.437/0001-73,10938 - RDC 73/2016 - GENÉRICO - Substituição de fabricante do IFA,"GQMED - GERÊNCIA DE AVALIAÇÃO DA QUALIDADE DE MEDICAMENTOS SINTÉTICOS
                            Desde: 17/04/2020",Aprovação condicional – ausência de manifestação no prazo legal em 27/04/2020.,
https://consultas.anvisa.gov.br/#/documentos/tecnicos/expediente/2651446190/,,,,,,,-,"- 
                        
                        Enc.:",,
https://consultas.anvisa.gov.br/#/documentos/tecnicos/expediente/2651499191/,,,,,,,-,"- 
                        
                        Enc.:",,
https://consultas.anvisa.gov.br/#/documentos/tecnicos/expediente/2651527190/,2651527/19-0,30/10/2019,25352918392201914,25351.408222/2009-64,LABORATÓRIO GLOBO SA,17.115.437/0001-73,10956 - RDC 73/2016 - GENÉRICO - Mudança maior de método analítico,"GQMED - GERÊNCIA DE AVALIAÇÃO DA QUALIDADE DE MEDICAMENTOS SINTÉTICOS
                            Desde: 17/04/2020",Aprovação condicional – ausência de manifestação no prazo legal em 27/04/2020.,
https://consultas.anvisa.gov.br/#/documentos/tecnicos/expediente/2651539193/,,,,,,,-,"- 
                        
                        Enc.:",,
https://consultas.anvisa.gov.br/#/documentos/tecnicos/expediente/2651666197/,,,,,,,-,"- 
                        
                        Enc.:",,
https://consultas.anvisa.gov.br/#/documentos/tecnicos/expediente/2651777199/,2651777/19-9,30/10/2019,25352918524201916,25351.408222/2009-64,LABORATÓRIO GLOBO SA,17.115.437/0001-73,10956 - RDC 73/2016 - GENÉRICO - Mudança maior de método analítico,"GQMED - GERÊNCIA DE AVALIAÇÃO DA QUALIDADE DE MEDICAMENTOS SINTÉTICOS
                            Desde: 17/04/2020",Aprovação condicional – ausência de manifestação no prazo legal em 27/04/2020.,
https://consultas.anvisa.gov.br/#/documentos/tecnicos/expediente/1195810213/,,,,,,,-,"- 
                        
                        Enc.:",,
https://consultas.anvisa.gov.br/#/documentos/tecnicos/expediente/0886224139/,,,,,,,-,"- 
                        
                        Enc.:",,
https://consultas.anvisa.gov.br/#/documentos/tecnicos/expediente/0814838184/,,,,,,,-,"- 
                        
                        Enc.:",,
https://consultas.anvisa.gov.br/#/documentos/tecnicos/expediente/0998081234/,0998081/23-4,20/09/2023,20230000000902055,25351.212375/2008-27,LABORATÓRIO GLOBO SA,17.115.437/0001-73,11058 - RDC 73/2016 - GENÉRICO - Inclusão maior de tamanho de lote do medicamento,"GQMED - GERÊNCIA DE AVALIAÇÃO DA QUALIDADE DE MEDICAMENTOS SINTÉTICOS
                            Desde: 20/09/2023",Aprovação condicional – ausência de manifestação no prazo legal,
https://consultas.anvisa.gov.br/#/documentos/tecnicos/expediente/0391517234/,,,,,,,-,"- 
                        
                        Enc.:",,
https://consultas.anvisa.gov.br/#/documentos/tecnicos/expediente/0971283126/,,,,,,,-,"- 
                        
                        Enc.:",,
https://consultas.anvisa.gov.br/#/documentos/tecnicos/expediente/0973621122/,,,,,,,-,"- 
                        
                        Enc.:",,
https://consultas.anvisa.gov.br/#/documentos/tecnicos/expediente/0514961134/,0514961/13-4,26/06/2013,25352389229201314,25351.677994/2012-19,LABORATÓRIO GLOBO SA,17.115.437/0001-73,10416 - GENÉRICO - Aditamento de estudo de biodisponibilidade relativa ou Bioisenção,"CETER.D - COORDENAÇÃO DE EQUIVALÊNCIA TERAPÊUTICA
                            Desde: 12/02/2014",Petição encerrada,
https://consultas.anvisa.gov.br/#/documentos/tecnicos/expediente/0076223147/,0076223/14-7,29/01/2014,25352038152201434,25351.677994/2012-19,LABORATÓRIO GLOBO SA,17.115.437/0001-73,1421 - GENERICO - Recurso Administrativo,"CRES1 - PRIMEIRA COORDENAÇÃO DE RECURSOS ESPECIALIZADA
                            Desde: 24/08/2020",Publicado aresto - provimento parcial ao recurso,
https://consultas.anvisa.gov.br/#/documentos/tecnicos/expediente/0253651130/,0253651/13-0,03/04/2013,25352196281201335,25351.073279/2008-57,LABORATÓRIO GLOBO SA,17.115.437/0001-73,143 - GENÉRICO - Renovação de Registro de Medicamento,"COPRE.D - COORDENAÇÃO DE PÓS-REGISTRO
                            Desde: 05/04/2013",Revalidação automática em 18/11/2013.,02/05/2014
https://consultas.anvisa.gov.br/#/documentos/tecnicos/expediente/0118318184/,,,,,,,-,"- 
                        
                        Enc.:",,
https://consultas.anvisa.gov.br/#/documentos/tecnicos/expediente/0898590231/,,,,,,,-,"- 
                        
                        Enc.:",,
https://consultas.anvisa.gov.br/#/documentos/tecnicos/expediente/1216712236/,,,,,,,-,"- 
                        
                        Enc.:",,
https://consultas.anvisa.gov.br/#/documentos/tecnicos/expediente/0493759187/,,,,,,,-,"- 
                        
                        Enc.:",,
https://consultas.anvisa.gov.br/#/documentos/tecnicos/expediente/0676368235/,,,,,,,-,"- 
                        
                        Enc.:",,
https://consultas.anvisa.gov.br/#/documentos/tecnicos/expediente/0966319233/,0966319/23-3,12/09/2023,20230000000873256,25351.883713/2016-35,LABORATÓRIO GLOBO SA,17.115.437/0001-73,11723 - RDC 73/2016 - GENÉRICO - Inclusão de novo DIFA sem CADIFA,"GQMED - GERÊNCIA DE AVALIAÇÃO DA QUALIDADE DE MEDICAMENTOS SINTÉTICOS
                            Desde: 12/09/2023",Análise sobrestada interno,
https://consultas.anvisa.gov.br/#/documentos/tecnicos/expediente/0986256231/,0986256/23-1,18/09/2023,20230000000891271,25351.883713/2016-35,LABORATÓRIO GLOBO SA,17.115.437/0001-73,11320 - GENÉRICO - Aditamento - Aprovação condicional - RDC 219/2018,"GQMED - GERÊNCIA DE AVALIAÇÃO DA QUALIDADE DE MEDICAMENTOS SINTÉTICOS
                            Desde: 18/09/2023",Distribuído para a área responsável,18/09/2023
https://consultas.anvisa.gov.br/#/documentos/tecnicos/expediente/0139156232/,,,,,,,-,"- 
                        
                        Enc.:",,
https://consultas.anvisa.gov.br/#/documentos/tecnicos/expediente/0986315230/,,,,,,,-,"- 
                        
                        Enc.:",,
https://consultas.anvisa.gov.br/#/documentos/tecnicos/expediente/0828120233/,,,,,,,-,"- 
                        
                        Enc.:",,
https://consultas.anvisa.gov.br/#/documentos/tecnicos/expediente/0828123238/,0828123/23-8,08/08/2023,20230000000747378,25351.512717/2023-45,LABORATÓRIO GLOBO SA,17.115.437/0001-73,"10488 -
                        GENÉRICO - Registro de Medicamento - CLONE","GGMED - GERÊNCIA-GERAL DE MEDICAMENTOS
                        Desde: 10/10/2023",Publicado deferimento,
https://consultas.anvisa.gov.br/#/documentos/tecnicos/expediente/0894736238/,0894736/23-8,24/08/2023,20230000000807603,25351.554333/2023-08,LABORATÓRIO GLOBO SA,17.115.437/0001-73,"10488 -
                        GENÉRICO - Registro de Medicamento - CLONE","GGMED - GERÊNCIA-GERAL DE MEDICAMENTOS
                        Desde: 20/09/2023",Publicado deferimento,25/09/2023
https://consultas.anvisa.gov.br/#/documentos/tecnicos/expediente/0268099148/,,,,,,,-,"- 
                        
                        Enc.:",,
https://consultas.anvisa.gov.br/#/documentos/tecnicos/expediente/0142454198/,0142454/19-8,14/02/2019,25352109178201974,25351.471439/2009-28,LABORATÓRIO GLOBO SA,17.115.437/0001-73,142 - SIMILAR - Renovação de Registro de Medicamento,"GQMED - GERÊNCIA DE AVALIAÇÃO DA QUALIDADE DE MEDICAMENTOS SINTÉTICOS
                            
                            Enc.: 17/02/2020",Petição encerrada,
https://consultas.anvisa.gov.br/#/documentos/tecnicos/expediente/7232556219/,,,,,,,-,"- 
                        
                        Enc.:",,
https://consultas.anvisa.gov.br/#/documentos/tecnicos/expediente/4640451221/,,,,,,,-,"- 
                        
                        Enc.:",,
https://consultas.anvisa.gov.br/#/documentos/tecnicos/expediente/4642670220/,4642670/22-0,02/09/2022,20220000004435734,25351.347488/2022-09,LABORATÓRIO GLOBO SA,17.115.437/0001-73,11798 - GGMED - Autorização de aditamento por terceiro,"GEDOC - GERÊNCIA DE GESTÃO DOCUMENTAL E MEMÓRIA CORPORATIVA
                            
                            Enc.: 02/09/2022",Distribuído para a área responsável,
https://consultas.anvisa.gov.br/#/documentos/tecnicos/expediente/4659896221/,,,,,,,-,"- 
                        
                        Enc.:",,
https://consultas.anvisa.gov.br/#/documentos/tecnicos/expediente/4659933229/,,,,,,,-,"- 
                        
                        Enc.:",,
https://consultas.anvisa.gov.br/#/documentos/tecnicos/expediente/4659935225/,4659935/22-5,07/09/2022,20220000004450536,25351.347488/2022-09,LABORATÓRIO GLOBO SA,17.115.437/0001-73,11630 - GENÉRICO - Estudo de biodisponibilidade relativa,"CETER - COORDENAÇÃO DE EQUIVALÊNCIA TERAPÊUTICA
                            Desde: 04/07/2023",Concluída análise,
https://consultas.anvisa.gov.br/#/documentos/tecnicos/expediente/4640442222/,,,,,,,-,"- 
                        
                        Enc.:",,
https://consultas.anvisa.gov.br/#/documentos/tecnicos/expediente/4642743227/,4642743/22-7,02/09/2022,20220000004435797,25351.347485/2022-67,LABORATÓRIO GLOBO SA,17.115.437/0001-73,11798 - GGMED - Autorização de aditamento por terceiro,"GEDOC - GERÊNCIA DE GESTÃO DOCUMENTAL E MEMÓRIA CORPORATIVA
                            
                            Enc.: 02/09/2022",Distribuído para a área responsável,
https://consultas.anvisa.gov.br/#/documentos/tecnicos/expediente/4659939228/,,,,,,,-,"- 
                        
                        Enc.:",,
https://consultas.anvisa.gov.br/#/documentos/tecnicos/expediente/4659963221/,,,,,,,-,"- 
                        
                        Enc.:",,
https://consultas.anvisa.gov.br/#/documentos/tecnicos/expediente/0325703137/,0325703/13-7,25/04/2013,25352249499201313,25351.170521/2008-30,LABORATÓRIO GLOBO SA,17.115.437/0001-73,143 - GENÉRICO - Renovação de Registro de Medicamento,"GEPRE.D - GERÊNCIA DE AVALIAÇÃO DE TECNOLOGIA DE PÓS-REGISTRO DE MEDICAMENTOS SINTÉTICOS
                            
                            Enc.: 07/08/2019",Revalidação automática,
https://consultas.anvisa.gov.br/#/documentos/tecnicos/expediente/0166104183/,,,,,,,-,"- 
                        
                        Enc.:",,
https://consultas.anvisa.gov.br/#/documentos/tecnicos/expediente/992572104/,992572/10-4,21/12/2010,25352885665201033,25000.001562/9626,LABORATÓRIO GLOBO SA,17.115.437/0001-73,142 - SIMILAR - Renovação de Registro de Medicamento,"COPRE.D - COORDENAÇÃO DE PÓS-REGISTRO
                            Desde: 07/06/2011",Revalidação automática,
https://consultas.anvisa.gov.br/#/documentos/tecnicos/expediente/0676408238/,,,,,,,-,"- 
                        
                        Enc.:",,
https://consultas.anvisa.gov.br/#/documentos/tecnicos/expediente/0325565234/,,,,,,,-,"- 
                        
                        Enc.:",,
https://consultas.anvisa.gov.br/#/documentos/tecnicos/expediente/0330454230/,,,,,,,-,"- 
                        
                        Enc.:",,
https://consultas.anvisa.gov.br/#/documentos/tecnicos/expediente/5033492225/,5033492/22-5,09/12/2022,20220000004766102,25351.626782/2022-76,"Shandong Xinhua Pharmaceutical Co., Ltd.",DH.NUM.BER/0001-69,"11637 -
                        CADIFA - Solicitação de CADIFA Associada | Associated CADIFA Application","COIFA - COORDENAÇÃO DE REGISTRO DE INSUMOS FARMACÊUTICOS ATIVOS
                        Desde: 09/12/2022",Aguardando análise,
https://consultas.anvisa.gov.br/#/documentos/tecnicos/expediente/0331496231/,,,,,,,-,"- 
                        
                        Enc.:",,
https://consultas.anvisa.gov.br/#/documentos/tecnicos/expediente/0348265231/,,,,,,,-,"- 
                        
                        Enc.:",,
https://consultas.anvisa.gov.br/#/documentos/tecnicos/expediente/0348304235/,,,,,,,-,"- 
                        
                        Enc.:",,
https://consultas.anvisa.gov.br/#/documentos/tecnicos/expediente/0939468231/,,,,,,,-,"- 
                        
                        Enc.:",,
https://consultas.anvisa.gov.br/#/documentos/tecnicos/expediente/0758469235/,,,,,,,-,"- 
                        
                        Enc.:",,
https://consultas.anvisa.gov.br/#/documentos/tecnicos/expediente/0656878175/,,,,,,,-,"- 
                        
                        Enc.:",,
https://consultas.anvisa.gov.br/#/documentos/tecnicos/expediente/2075057179/,,,,,,,-,"- 
                        
                        Enc.:",,
https://consultas.anvisa.gov.br/#/documentos/tecnicos/expediente/3372812197/,3372812/19-7,06/12/2019,25352698289201942,25351.911558/2016-39,LABORATÓRIO GLOBO SA,17.115.437/0001-73,10506 - GENÉRICO - Modificação Pós-Registro - CLONE,"GQMED - GERÊNCIA DE AVALIAÇÃO DA QUALIDADE DE MEDICAMENTOS SINTÉTICOS
                            Desde: 06/05/2020",Aprovação condicional – ausência de manifestação no prazo legal em 18/05/2020.,
https://consultas.anvisa.gov.br/#/documentos/tecnicos/expediente/627457119/,,,,,,,-,"- 
                        
                        Enc.:",,
https://consultas.anvisa.gov.br/#/documentos/tecnicos/expediente/7232550210/,,,,,,,-,"- 
                        
                        Enc.:",,
https://consultas.anvisa.gov.br/#/documentos/tecnicos/expediente/0927592234/,0927592/23-4,31/08/2023,20230000000837617,25351.572567/2023-29,LABORATÓRIO GLOBO SA,17.115.437/0001-73,"10490 -
                        SIMILAR - Registro de Produto - CLONE","CBRES - COORDENAÇÃO DE BULA, ROTULAGEM, REGISTRO SIMPLIFICADO E NOME COMERCIAL
                        Desde: 31/08/2023",Em exigência,
https://consultas.anvisa.gov.br/#/documentos/tecnicos/expediente/0636521123/,,,,,,,-,"- 
                        
                        Enc.:",,
https://consultas.anvisa.gov.br/#/documentos/tecnicos/expediente/0676418235/,,,,,,,-,"- 
                        
                        Enc.:",,
https://consultas.anvisa.gov.br/#/documentos/tecnicos/expediente/3074735190/,3074735/19-0,08/11/2019,25352983780201976,25351.508560/2015-43,LABORATÓRIO GLOBO SA,17.115.437/0001-73,10507 - SIMILAR - Modificação Pós-Registro - CLONE,"GQMED - GERÊNCIA DE AVALIAÇÃO DA QUALIDADE DE MEDICAMENTOS SINTÉTICOS
                            Desde: 17/04/2020",Aprovação condicional – ausência de manifestação no prazo legal em 27/04/2020.,
https://consultas.anvisa.gov.br/#/documentos/tecnicos/expediente/3074739192/,,,,,,,-,"- 
                        
                        Enc.:",,
https://consultas.anvisa.gov.br/#/documentos/tecnicos/expediente/3074729195/,,,,,,,-,"- 
                        
                        Enc.:",,
https://consultas.anvisa.gov.br/#/documentos/tecnicos/expediente/3074731197/,,,,,,,-,"- 
                        
                        Enc.:",,
https://consultas.anvisa.gov.br/#/documentos/tecnicos/expediente/3074737196/,,,,,,,-,"- 
                        
                        Enc.:",,
https://consultas.anvisa.gov.br/#/documentos/tecnicos/expediente/3074733193/,,,,,,,-,"- 
                        
                        Enc.:",,
https://consultas.anvisa.gov.br/#/documentos/tecnicos/expediente/3074727199/,,,,,,,-,"- 
                        
                        Enc.:",,
https://consultas.anvisa.gov.br/#/documentos/tecnicos/expediente/3074725192/,,,,,,,-,"- 
                        
                        Enc.:",,
https://consultas.anvisa.gov.br/#/documentos/tecnicos/expediente/1250901219/,,,,,,,-,"- 
                        
                        Enc.:",,
https://consultas.anvisa.gov.br/#/documentos/tecnicos/expediente/6970132216/,,,,,,,-,"- 
                        
                        Enc.:",,
https://consultas.anvisa.gov.br/#/documentos/tecnicos/expediente/0762114131/,,,,,,,-,"- 
                        
                        Enc.:",,
https://consultas.anvisa.gov.br/#/documentos/tecnicos/expediente/0576728188/,,,,,,,-,"- 
                        
                        Enc.:",,
https://consultas.anvisa.gov.br/#/documentos/tecnicos/expediente/0998114234/,,,,,,,-,"- 
                        
                        Enc.:",,
https://consultas.anvisa.gov.br/#/documentos/tecnicos/expediente/0516725236/,,,,,,,-,"- 
                        
                        Enc.:",,
https://consultas.anvisa.gov.br/#/documentos/tecnicos/expediente/0517108233/,0517108/23-3,22/05/2023,20230000000466214,25351.320474/2023-11,LABORATÓRIO GLOBO SA,17.115.437/0001-73,11721 - Registro - Notificação do Processo da CADIFA,"COIFA - COORDENAÇÃO DE REGISTRO DE INSUMOS FARMACÊUTICOS ATIVOS
                            Desde: 22/05/2023",Distribuído para a área responsável,22/05/2023
https://consultas.anvisa.gov.br/#/documentos/tecnicos/expediente/4855351229/,4855351/22-9,24/10/2022,20220000004612979,25351.466676/2022-27,"Zhejiang Hisun Pharmaceutical Co., Ltd.",DH.NUM.BER/0000-08,"11637 -
                        CADIFA - Solicitação de CADIFA Associada | Associated CADIFA Application","COIFA - COORDENAÇÃO DE REGISTRO DE INSUMOS FARMACÊUTICOS ATIVOS
                        Desde: 29/05/2023",Distribuído para a área responsável,
https://consultas.anvisa.gov.br/#/documentos/tecnicos/expediente/0517178234/,,,,,,,-,"- 
                        
                        Enc.:",,
https://consultas.anvisa.gov.br/#/documentos/tecnicos/expediente/0529851232/,,,,,,,-,"- 
                        
                        Enc.:",,
https://consultas.anvisa.gov.br/#/documentos/tecnicos/expediente/0529854237/,0529854/23-7,24/05/2023,20230000000477667,25351.320474/2023-11,LABORATÓRIO GLOBO SA,17.115.437/0001-73,11630 - GENÉRICO - Estudo de biodisponibilidade relativa,"CETER - COORDENAÇÃO DE EQUIVALÊNCIA TERAPÊUTICA
                            Desde: 30/10/2023",Concluída análise,
https://consultas.anvisa.gov.br/#/documentos/tecnicos/expediente/0576784189/,,,,,,,-,"- 
                        
                        Enc.:",,
https://consultas.anvisa.gov.br/#/documentos/tecnicos/expediente/0676406231/,0676406/23-1,02/07/2023,20230000000609872,25351.392773/2019-71,LABORATÓRIO GLOBO SA,17.115.437/0001-73,10297 - SIMILAR - Inclusão de rotulagem - Nova destinação,"CBRES - COORDENAÇÃO DE BULA, ROTULAGEM, REGISTRO SIMPLIFICADO E NOME COMERCIAL
                            
                            Enc.: 28/11/2023",Em análise do cumprimento de exigência,
https://consultas.anvisa.gov.br/#/documentos/tecnicos/expediente/2678124227/,2678124/22-7,05/05/2022,20220000002562611,25351.392773/2019-71,LABORATÓRIO GLOBO SA,17.115.437/0001-73,10298 - SIMILAR - Notificação de alteração de rotulagem,"CBRES - COORDENAÇÃO DE BULA, ROTULAGEM, REGISTRO SIMPLIFICADO E NOME COMERCIAL
                            Desde: 25/01/2024",Anuído,25/01/2024
https://consultas.anvisa.gov.br/#/documentos/tecnicos/expediente/0676414232/,,,,,,,-,"- 
                        
                        Enc.:",,
https://consultas.anvisa.gov.br/#/documentos/tecnicos/expediente/1028231129/,1028231/12-9,19/12/2012,25352813849201217,25351.143946/2007-95,LABORATÓRIO GLOBO SA,17.115.437/0001-73,143 - GENÉRICO - Renovação de Registro de Medicamento,"COPRE.D - COORDENAÇÃO DE PÓS-REGISTRO
                            Desde: 27/12/2012",Revalidação automática,12/09/2013
https://consultas.anvisa.gov.br/#/documentos/tecnicos/expediente/2168471175/,,,,,,,-,"- 
                        
                        Enc.:",,
https://consultas.anvisa.gov.br/#/documentos/tecnicos/expediente/7632888211/,,,,,,,-,"- 
                        
                        Enc.:",,
https://consultas.anvisa.gov.br/#/documentos/tecnicos/expediente/7632890212/,,,,,,,-,"- 
                        
                        Enc.:",,
https://consultas.anvisa.gov.br/#/documentos/tecnicos/expediente/0860720126/,,,,,,,-,"- 
                        
                        Enc.:",,
https://consultas.anvisa.gov.br/#/documentos/tecnicos/expediente/2071904173/,,,,,,,-,"- 
                        
                        Enc.:",,
https://consultas.anvisa.gov.br/#/documentos/tecnicos/expediente/0676366239/,0676366/23-9,02/07/2023,20230000000609832,25351.345461/2007-34,LABORATÓRIO GLOBO SA,17.115.437/0001-73,10291 - GENÉRICO - Inclusão de rotulagem - Nova destinação,"CBRES - COORDENAÇÃO DE BULA, ROTULAGEM, REGISTRO SIMPLIFICADO E NOME COMERCIAL
                            
                            Enc.: 28/11/2023",Em análise do cumprimento de exigência,
https://consultas.anvisa.gov.br/#/documentos/tecnicos/expediente/1171914237/,,,,,,,-,"- 
                        
                        Enc.:",,
https://consultas.anvisa.gov.br/#/documentos/tecnicos/expediente/0889323233/,,,,,,,-,"- 
                        
                        Enc.:",,
https://consultas.anvisa.gov.br/#/documentos/tecnicos/expediente/1022655239/,,,,,,,-,"- 
                        
                        Enc.:",,
https://consultas.anvisa.gov.br/#/documentos/tecnicos/expediente/1032933231/,,,,,,,-,"- 
                        
                        Enc.:",,
https://consultas.anvisa.gov.br/#/documentos/tecnicos/expediente/1031119230/,1031119/23-0,28/09/2023,20230000000931767,25351.632382/2023-81,LABORATÓRIO GLOBO SA,17.115.437/0001-73,"11212 - GENÉRICO/SIMILAR - Documentação para análise de bula, dizeres de rotulagem e nome comercial","CBRES - COORDENAÇÃO DE BULA, ROTULAGEM, REGISTRO SIMPLIFICADO E NOME COMERCIAL
                            
                            Enc.: 31/10/2023",Em análise,28/10/2023
https://consultas.anvisa.gov.br/#/documentos/tecnicos/expediente/1031083235/,,,,,,,-,"- 
                        
                        Enc.:",,
https://consultas.anvisa.gov.br/#/documentos/tecnicos/expediente/0676356231/,,,,,,,-,"- 
                        
                        Enc.:",,
https://consultas.anvisa.gov.br/#/documentos/tecnicos/expediente/0216912196/,,,,,,,-,"- 
                        
                        Enc.:",,
https://consultas.anvisa.gov.br/#/documentos/tecnicos/expediente/0255864195/,0255864/19-5,21/03/2019,25352196513201966,25351.074474/2018-76,LABORATÓRIO GLOBO SA,17.115.437/0001-73,10506 - GENÉRICO - Modificação Pós-Registro - CLONE,"GEPRE.D - GERÊNCIA DE AVALIAÇÃO DE TECNOLOGIA DE PÓS-REGISTRO DE MEDICAMENTOS SINTÉTICOS
                            Desde: 03/09/2019",Aprovação condicional – ausência de manifestação no prazo legal em 09/09/2019.,
https://consultas.anvisa.gov.br/#/documentos/tecnicos/expediente/3037950194/,,,,,,,-,"- 
                        
                        Enc.:",,
https://consultas.anvisa.gov.br/#/documentos/tecnicos/expediente/3037952191/,,,,,,,-,"- 
                        
                        Enc.:",,
https://consultas.anvisa.gov.br/#/documentos/tecnicos/expediente/1209837200/,1209837/20-0,20/04/2020,25352042822202051,25351.074474/2018-76,LABORATÓRIO GLOBO SA,17.115.437/0001-73,10506 - GENÉRICO - Modificação Pós-Registro - CLONE,"GQMED - GERÊNCIA DE AVALIAÇÃO DA QUALIDADE DE MEDICAMENTOS SINTÉTICOS
                            Desde: 13/10/2020",Aprovação condicional – ausência de manifestação no prazo legal em 26/10/2020.,13/10/2020
https://consultas.anvisa.gov.br/#/documentos/tecnicos/expediente/6239261211/,,,,,,,-,"- 
                        
                        Enc.:",,
https://consultas.anvisa.gov.br/#/documentos/tecnicos/expediente/0676360230/,,,,,,,-,"- 
                        
                        Enc.:",,
https://consultas.anvisa.gov.br/#/documentos/tecnicos/expediente/0886246130/,0886246/13-0,18/10/2013,25352645054201301,25351.384280/2008-12,LABORATÓRIO GLOBO SA,17.115.437/0001-73,143 - GENÉRICO - Renovação de Registro de Medicamento,"COPRE.D - COORDENAÇÃO DE PÓS-REGISTRO
                            Desde: 02/04/2014",Revalidação automática em 14/05/2014.,
https://consultas.anvisa.gov.br/#/documentos/tecnicos/expediente/0814895183/,0814895/18-3,16/08/2018,25352688921201869,25351.384280/2008-12,LABORATÓRIO GLOBO SA,17.115.437/0001-73,143 - GENÉRICO - Renovação de Registro de Medicamento,"CPMEC - COORDENAÇÃO DE PÓS-REGISTRO DE MEDICAMENTO DE MENOR COMPLEXIDADE
                            Desde: 06/03/2019",Revalidação automática,08/07/2022
https://consultas.anvisa.gov.br/#/documentos/tecnicos/expediente/0584488136/,,,,,,,-,"- 
                        
                        Enc.:",,
https://consultas.anvisa.gov.br/#/documentos/tecnicos/expediente/2329717174/,,,,,,,-,"- 
                        
                        Enc.:",,
https://consultas.anvisa.gov.br/#/documentos/tecnicos/expediente/0437354185/,,,,,,,-,"- 
                        
                        Enc.:",,
https://consultas.anvisa.gov.br/#/documentos/tecnicos/expediente/7632886214/,,,,,,,-,"- 
                        
                        Enc.:",,
https://consultas.anvisa.gov.br/#/documentos/tecnicos/expediente/0676400232/,,,,,,,-,"- 
                        
                        Enc.:",,
https://consultas.anvisa.gov.br/#/documentos/tecnicos/expediente/0086129144/,,,,,,,-,"- 
                        
                        Enc.:",,
https://consultas.anvisa.gov.br/#/documentos/tecnicos/expediente/1196651183/,1196651/18-3,19/12/2018,25352991248201841,25351.464061/2008-16,LABORATÓRIO GLOBO SA,17.115.437/0001-73,143 - GENÉRICO - Renovação de Registro de Medicamento,"GEPRE.D - GERÊNCIA DE AVALIAÇÃO DE TECNOLOGIA DE PÓS-REGISTRO DE MEDICAMENTOS SINTÉTICOS
                            
                            Enc.: 07/10/2019",Revalidação automática,
https://consultas.anvisa.gov.br/#/documentos/tecnicos/expediente/0593013128/,0593013/12-8,13/07/2012,25352475178201201,25000.031075/9713,LABORATÓRIO GLOBO SA,17.115.437/0001-73,142 - SIMILAR - Renovação de Registro de Medicamento,"COPRE.D - COORDENAÇÃO DE PÓS-REGISTRO
                            Desde: 27/02/2013",Revalidação automática,12/09/2013
https://consultas.anvisa.gov.br/#/documentos/tecnicos/expediente/0667416170/,0667416/17-0,19/04/2017,25352570249201781,25000.031075/9713,LABORATÓRIO GLOBO SA,17.115.437/0001-73,142 - SIMILAR - Renovação de Registro de Medicamento,"GEPRE.D - GERÊNCIA DE AVALIAÇÃO DE TECNOLOGIA DE PÓS-REGISTRO DE MEDICAMENTOS SINTÉTICOS
                            Desde: 06/02/2018",Revalidação automática,
https://consultas.anvisa.gov.br/#/documentos/tecnicos/expediente/8422670216/,8422670/21-6,20/12/2021,25352036063202178,25000.031075/9713,LABORATÓRIO GLOBO SA,17.115.437/0001-73,11006 - RDC 73/2016 - SIMILAR - Alteração de razão social do local de fabricação do medicamento,"CPMEC - COORDENAÇÃO DE PÓS-REGISTRO DE MEDICAMENTO DE MENOR COMPLEXIDADE
                            Desde: 15/06/2022",Anuído,15/06/2022
https://consultas.anvisa.gov.br/#/documentos/tecnicos/expediente/0598696186/,,,,,,,-,"- 
                        
                        Enc.:",,
https://consultas.anvisa.gov.br/#/documentos/tecnicos/expediente/0885963189/,0885963/18-9,06/09/2018,25352745693201831,25351.421420/2018-12,LABORATÓRIO GLOBO SA,17.115.437/0001-73,70278 - Impugnação de Notificação Fiscal em Processo Administrativo Fiscal,"GEGAR - GERÊNCIA DE GESTÃO DA ARRECADAÇÃO
                            
                            Enc.: 12/09/2018",Distribuído para a área responsável,
https://consultas.anvisa.gov.br/#/documentos/tecnicos/expediente/0120297199/,,,,,,,-,"- 
                        
                        Enc.:",,
https://consultas.anvisa.gov.br/#/documentos/tecnicos/expediente/0065682198/,,,,,,,-,"- 
                        
                        Enc.:",,
https://consultas.anvisa.gov.br/#/documentos/tecnicos/expediente/6239504211/,6239504/21-1,13/12/2021,25352227296202188,25351.225576/2013-88,LABORATÓRIO GLOBO SA,17.115.437/0001-73,10507 - SIMILAR - Modificação Pós-Registro - CLONE,"GQMED - GERÊNCIA DE AVALIAÇÃO DA QUALIDADE DE MEDICAMENTOS SINTÉTICOS
                            Desde: 13/12/2021",Anuído,
https://consultas.anvisa.gov.br/#/documentos/tecnicos/expediente/5095975221/,5095975/22-1,26/12/2022,20220000004819954,25351.662859/2022-71,LABORATÓRIO GLOBO SA,17.115.437/0001-73,"150 -
                        SIMILAR - Registro de Medicamento Similar","ARQVO - ARQUIVO - GERÊNCIA DE GESTÃO DOCUMENTAL
                        Desde: 27/12/2022",Em análise,
https://consultas.anvisa.gov.br/#/documentos/tecnicos/expediente/5096790223/,,,,,,,-,"- 
                        
                        Enc.:",,
https://consultas.anvisa.gov.br/#/documentos/tecnicos/expediente/5097817229/,5097817/22-9,27/12/2022,20220000004821494,25351.662859/2022-71,LABORATÓRIO GLOBO SA,17.115.437/0001-73,12110 - SIMILAR – Formulário de informações relativas à documentação de registro (FIDR) – Análise de Qualidade Registro,"GQMED - GERÊNCIA DE AVALIAÇÃO DA QUALIDADE DE MEDICAMENTOS SINTÉTICOS
                            Desde: 27/12/2022",Distribuído para a área responsável,
https://consultas.anvisa.gov.br/#/documentos/tecnicos/expediente/5115792236/,,,,,,,-,"- 
                        
                        Enc.:",,
https://consultas.anvisa.gov.br/#/documentos/tecnicos/expediente/5115843234/,5115843/23-4,02/01/2023,20230000004837638,25351.662859/2022-71,LABORATÓRIO GLOBO SA,17.115.437/0001-73,11632 - SIMILAR - Estudo de biodisponibilidade relativa,"CETER - COORDENAÇÃO DE EQUIVALÊNCIA TERAPÊUTICA
                            Desde: 31/03/2023",Concluída análise,
https://consultas.anvisa.gov.br/#/documentos/tecnicos/expediente/0008819136/,0008819/13-6,28/12/2012,25352007163201340,25351.235380/2008-16,LABORATÓRIO GLOBO SA,17.115.437/0001-73,1582 - ESPECÍFICO - Renovação de Registro de Medicamento,"COPRE.D - COORDENAÇÃO DE PÓS-REGISTRO
                            Desde: 15/01/2013",Revalidação automática em 14/05/2014.,
https://consultas.anvisa.gov.br/#/documentos/tecnicos/expediente/1354045238/,,,,,,,-,"- 
                        
                        Enc.:",,
https://consultas.anvisa.gov.br/#/documentos/tecnicos/expediente/2282141174/,,,,,,,-,"- 
                        
                        Enc.:",,
https://consultas.anvisa.gov.br/#/documentos/tecnicos/expediente/0584519130/,,,,,,,-,"- 
                        
                        Enc.:",,
https://consultas.anvisa.gov.br/#/documentos/tecnicos/expediente/0437311181/,0437311/18-1,28/05/2018,25352354785201814,25351.261693/2008-11,LABORATÓRIO GLOBO SA,17.115.437/0001-73,142 - SIMILAR - Renovação de Registro de Medicamento,"GEPRE.D - GERÊNCIA DE AVALIAÇÃO DE TECNOLOGIA DE PÓS-REGISTRO DE MEDICAMENTOS SINTÉTICOS
                            
                            Enc.: 17/01/2019",Revalidação automática,
https://consultas.anvisa.gov.br/#/documentos/tecnicos/expediente/0636500121/,0636500/12-1,06/08/2012,25352509673201254,25351.443772/2012-73,LABORATÓRIO GLOBO SA,17.115.437/0001-73,"70143 -
                        Requerimento de Restituição de Taxa de Fiscalização de Vigilância Sanitária (TFVS)","ARQVO - ARQUIVO - GERÊNCIA DE GESTÃO DOCUMENTAL
                        Desde: 19/10/2023",Distribuído para a área responsável,
https://consultas.anvisa.gov.br/#/documentos/tecnicos/expediente/0636527122/,0636527/12-2,06/08/2012,25352509699201252,25351.443783/2012-14,LABORATÓRIO GLOBO SA,17.115.437/0001-73,"70143 -
                        Requerimento de Restituição de Taxa de Fiscalização de Vigilância Sanitária (TFVS)","ARQVO - ARQUIVO - GERÊNCIA DE GESTÃO DOCUMENTAL
                        Desde: 19/10/2023",Distribuído para a área responsável,06/08/2012
https://consultas.anvisa.gov.br/#/documentos/tecnicos/expediente/2105116200/,,,,,,,-,"- 
                        
                        Enc.:",,
https://consultas.anvisa.gov.br/#/documentos/tecnicos/expediente/0905772232/,0905772/23-2,28/08/2023,20230000000817635,25351.561213/2023-59,LABORATÓRIO GLOBO SA,17.115.437/0001-73,"10490 -
                        SIMILAR - Registro de Produto - CLONE","GGMED - GERÊNCIA-GERAL DE MEDICAMENTOS
                        Desde: 08/11/2023",Publicado deferimento,
https://consultas.anvisa.gov.br/#/documentos/tecnicos/expediente/1256757234/,,,,,,,-,"- 
                        
                        Enc.:",,
https://consultas.anvisa.gov.br/#/documentos/tecnicos/expediente/1022635234/,1022635/23-4,26/09/2023,20230000000924069,25351.632364/2023-07,LABORATÓRIO GLOBO SA,17.115.437/0001-73,"155 -
                        GENERICO - Registro de Medicamento","ARQVO - ARQUIVO - GERÊNCIA DE GESTÃO DOCUMENTAL
                        Desde: 26/09/2023",Em análise,04/11/2023
https://consultas.anvisa.gov.br/#/documentos/tecnicos/expediente/1052508234/,1052508/23-4,03/10/2023,20230000000950543,25351.632364/2023-07,LABORATÓRIO GLOBO SA,17.115.437/0001-73,12110 - SIMILAR – Formulário de informações relativas à documentação de registro (FIDR) – Análise de Qualidade Registro,"GQMED - GERÊNCIA DE AVALIAÇÃO DA QUALIDADE DE MEDICAMENTOS SINTÉTICOS
                            Desde: 03/10/2023",Petição encerrada,06/10/2023
https://consultas.anvisa.gov.br/#/documentos/tecnicos/expediente/1052579233/,,,,,,,-,"- 
                        
                        Enc.:",,
https://consultas.anvisa.gov.br/#/documentos/tecnicos/expediente/1052826231/,,,,,,,-,"- 
                        
                        Enc.:",,
https://consultas.anvisa.gov.br/#/documentos/tecnicos/expediente/1052860231/,,,,,,,-,"- 
                        
                        Enc.:",,
https://consultas.anvisa.gov.br/#/documentos/tecnicos/expediente/0430141238/,0430141/23-8,28/04/2023,20230000000386988,25351.265518/2023-32,"KOLON LIFE SCIENCE, INC.",DH.NUM.BER/0002-92,"11637 -
                        CADIFA - Solicitação de CADIFA Associada | Associated CADIFA Application","COIFA - COORDENAÇÃO DE REGISTRO DE INSUMOS FARMACÊUTICOS ATIVOS
                        Desde: 15/08/2023",Distribuído para a área responsável,
https://consultas.anvisa.gov.br/#/documentos/tecnicos/expediente/1052000237/,1052000/23-7,03/10/2023,20230000000950207,25351.632364/2023-07,LABORATÓRIO GLOBO SA,17.115.437/0001-73,11721 - Registro - Notificação do Processo da CADIFA,"COIFA - COORDENAÇÃO DE REGISTRO DE INSUMOS FARMACÊUTICOS ATIVOS
                            Desde: 03/10/2023",Distribuído para a área responsável,03/10/2023
https://consultas.anvisa.gov.br/#/documentos/tecnicos/expediente/0676364232/,,,,,,,-,"- 
                        
                        Enc.:",,
https://consultas.anvisa.gov.br/#/documentos/tecnicos/expediente/8551827211/,,,,,,,-,"- 
                        
                        Enc.:",,
https://consultas.anvisa.gov.br/#/documentos/tecnicos/expediente/0064441222/,,,,,,,-,"- 
                        
                        Enc.:",,
https://consultas.anvisa.gov.br/#/documentos/tecnicos/expediente/8552221217/,,,,,,,-,"- 
                        
                        Enc.:",,
https://consultas.anvisa.gov.br/#/documentos/tecnicos/expediente/0069123222/,,,,,,,-,"- 
                        
                        Enc.:",,
https://consultas.anvisa.gov.br/#/documentos/tecnicos/expediente/0063386221/,0063386/22-1,05/01/2022,20220000000057394,25351.076203/2021-51,LABORATÓRIO GLOBO SA,17.115.437/0001-73,"11212 - GENÉRICO/SIMILAR - Documentação para análise de bula, dizeres de rotulagem e nome comercial","CBRES - COORDENAÇÃO DE BULA, ROTULAGEM, REGISTRO SIMPLIFICADO E NOME COMERCIAL
                            Desde: 05/01/2022",Anuído,05/05/2022
https://consultas.anvisa.gov.br/#/documentos/tecnicos/expediente/0493780185/,,,,,,,-,"- 
                        
                        Enc.:",,
https://consultas.anvisa.gov.br/#/documentos/tecnicos/expediente/0331020145/,,,,,,,-,"- 
                        
                        Enc.:",,
https://consultas.anvisa.gov.br/#/documentos/tecnicos/expediente/0249033191/,0249033/19-1,19/03/2019,25352191348201956,25351.378030/2008-35,LABORATÓRIO GLOBO SA,17.115.437/0001-73,143 - GENÉRICO - Renovação de Registro de Medicamento,"GEPRE.D - GERÊNCIA DE AVALIAÇÃO DE TECNOLOGIA DE PÓS-REGISTRO DE MEDICAMENTOS SINTÉTICOS
                            
                            Enc.: 08/11/2019",Petição encerrada,01/08/2022
https://consultas.anvisa.gov.br/#/documentos/tecnicos/expediente/0657517170/,0657517/17-0,19/04/2017,25352561389201752,25351.911388/2016-92,LABORATÓRIO GLOBO SA,17.115.437/0001-73,10507 - SIMILAR - Modificação Pós-Registro - CLONE,"GEPRE.D - GERÊNCIA DE AVALIAÇÃO DE TECNOLOGIA DE PÓS-REGISTRO DE MEDICAMENTOS SINTÉTICOS
                            Desde: 20/07/2017",Mudança analisada – Nível 1,
https://consultas.anvisa.gov.br/#/documentos/tecnicos/expediente/2075059175/,,,,,,,-,"- 
                        
                        Enc.:",,
https://consultas.anvisa.gov.br/#/documentos/tecnicos/expediente/3372824191/,3372824/19-1,06/12/2019,25352698282201921,25351.911388/2016-92,LABORATÓRIO GLOBO SA,17.115.437/0001-73,10507 - SIMILAR - Modificação Pós-Registro - CLONE,"GQMED - GERÊNCIA DE AVALIAÇÃO DA QUALIDADE DE MEDICAMENTOS SINTÉTICOS
                            Desde: 14/09/2020",Aprovação condicional – ausência de manifestação no prazo legal em 18/05/2020.,
https://consultas.anvisa.gov.br/#/documentos/tecnicos/expediente/0876335176/,0876335/17-6,11/05/2017,25352753175201709,25351.169444/2017-05,LABORATÓRIO GLOBO SA,17.115.437/0001-73,6802 - Reconsideração da Análise do Documento Informativo de Preço,"SCMED - SECRETARIA EXECUTIVA DA CÂMARA DE REGULAÇÃO DO MERCADO DE MEDICAMENTOS
                            
                            Enc.: 16/05/2017",Distribuído para a área responsável,12/05/2017
https://consultas.anvisa.gov.br/#/documentos/tecnicos/expediente/1988664171/,1988664/17-1,15/09/2017,25352749085201715,25351.169444/2017-05,LABORATÓRIO GLOBO SA,17.115.437/0001-73,6803 - Recurso de Análise do Documento Informativo de Preço,"SCMED - SECRETARIA EXECUTIVA DA CÂMARA DE REGULAÇÃO DO MERCADO DE MEDICAMENTOS
                            
                            Enc.: 19/09/2017",Distribuído para a área responsável,
https://consultas.anvisa.gov.br/#/documentos/tecnicos/expediente/0483163122/,,,,,,,-,"- 
                        
                        Enc.:",,
https://consultas.anvisa.gov.br/#/documentos/tecnicos/expediente/0992557171/,,,,,,,-,"- 
                        
                        Enc.:",,
https://consultas.anvisa.gov.br/#/documentos/tecnicos/expediente/0636500121/,,,,,,,-,"- 
                        
                        Enc.:",,
https://consultas.anvisa.gov.br/#/documentos/tecnicos/expediente/0927589234/,,,,,,,-,"- 
                        
                        Enc.:",,
https://consultas.anvisa.gov.br/#/documentos/tecnicos/expediente/0660134231/,,,,,,,-,"- 
                        
                        Enc.:",,
https://consultas.anvisa.gov.br/#/documentos/tecnicos/expediente/0672888230/,,,,,,,-,"- 
                        
                        Enc.:",,
https://consultas.anvisa.gov.br/#/documentos/tecnicos/expediente/0676410230/,,,,,,,-,"- 
                        
                        Enc.:",,
https://consultas.anvisa.gov.br/#/documentos/tecnicos/expediente/5066647228/,,,,,,,-,"- 
                        
                        Enc.:",,
https://consultas.anvisa.gov.br/#/documentos/tecnicos/expediente/0662553233/,,,,,,,-,"- 
                        
                        Enc.:",,
https://consultas.anvisa.gov.br/#/documentos/tecnicos/expediente/0676354235/,,,,,,,-,"- 
                        
                        Enc.:",,
https://consultas.anvisa.gov.br/#/documentos/tecnicos/expediente/0637812239/,,,,,,,-,"- 
                        
                        Enc.:",,
https://consultas.anvisa.gov.br/#/documentos/tecnicos/expediente/0639584238/,0639584/23-8,22/06/2023,20230000000577251,25351.006433/0183,LABORATÓRIO GLOBO SA,17.115.437/0001-73,11722 - Pós-Registro - Notificação do Processo da CADIFA,"COIFA - COORDENAÇÃO DE REGISTRO DE INSUMOS FARMACÊUTICOS ATIVOS
                            Desde: 22/06/2023",Distribuído para a área responsável,22/06/2023
https://consultas.anvisa.gov.br/#/documentos/tecnicos/expediente/5066647228/,5066647/22-8,19/12/2022,20220000004794402,25351.645221/2022-76,Mangalam Drugs and Organics Limited,DH.NUM.BER/0000-93,"11637 -
                        CADIFA - Solicitação de CADIFA Associada | Associated CADIFA Application","COIFA - COORDENAÇÃO DE REGISTRO DE INSUMOS FARMACÊUTICOS ATIVOS
                        Desde: 25/07/2023",Distribuído para a área responsável,
https://consultas.anvisa.gov.br/#/documentos/tecnicos/expediente/2662558161/,,,,,,,-,"- 
                        
                        Enc.:",,
https://consultas.anvisa.gov.br/#/documentos/tecnicos/expediente/0195567195/,0195567/19-5,01/03/2019,25352149560201911,25351.006433/0183,LABORATÓRIO GLOBO SA,17.115.437/0001-73,10955 - RDC 73/2016 - SIMILAR - Ampliação dos limites de especificação,"GEPRE.D - GERÊNCIA DE AVALIAÇÃO DE TECNOLOGIA DE PÓS-REGISTRO DE MEDICAMENTOS SINTÉTICOS
                            Desde: 03/09/2019",Aprovação condicional – ausência de manifestação no prazo legal em 09/09/2019.,03/09/2019
https://consultas.anvisa.gov.br/#/documentos/tecnicos/expediente/0212660195/,,,,,,,-,"- 
                        
                        Enc.:",,
https://consultas.anvisa.gov.br/#/documentos/tecnicos/expediente/2511449192/,2511449/19-2,15/10/2019,25352791332201948,25351.006433/0183,LABORATÓRIO GLOBO SA,17.115.437/0001-73,10958 - RDC 73/2016 - SIMILAR - Mudança maior de método analítico,"GQMED - GERÊNCIA DE AVALIAÇÃO DA QUALIDADE DE MEDICAMENTOS SINTÉTICOS
                            Desde: 16/04/2020",Aprovação condicional – ausência de manifestação no prazo legal em 27/04/2020.,
https://consultas.anvisa.gov.br/#/documentos/tecnicos/expediente/2511451194/,2511451/19-4,15/10/2019,25352791337201971,25351.006433/0183,LABORATÓRIO GLOBO SA,17.115.437/0001-73,10958 - RDC 73/2016 - SIMILAR - Mudança maior de método analítico,"GQMED - GERÊNCIA DE AVALIAÇÃO DA QUALIDADE DE MEDICAMENTOS SINTÉTICOS
                            Desde: 16/04/2020",Aprovação condicional – ausência de manifestação no prazo legal em 27/04/2020.,
https://consultas.anvisa.gov.br/#/documentos/tecnicos/expediente/1114109203/,1114109/20-3,09/04/2020,25352973969202094,25351.006433/0183,LABORATÓRIO GLOBO SA,17.115.437/0001-73,11069 - RDC 73/2016 - SIMILAR - Inclusão maior de composição de embalagem primária do medicamento,"GQMED - GERÊNCIA DE AVALIAÇÃO DA QUALIDADE DE MEDICAMENTOS SINTÉTICOS
                            Desde: 13/10/2020",Aprovação condicional – ausência de manifestação no prazo legal em 26/10/2020.,
https://consultas.anvisa.gov.br/#/documentos/tecnicos/expediente/0066611234/,0066611/23-4,23/01/2023,20230000000060622,25351.042251/2023-15,LABORATÓRIO GLOBO SA,17.115.437/0001-73,"12172 -
                        GQMED – Protocolo de Gerenciamento de Mudanças Pós-registro (PGMP) para vários produtos","GQMED - GERÊNCIA DE AVALIAÇÃO DA QUALIDADE DE MEDICAMENTOS SINTÉTICOS
                        Desde: 24/04/2023",Não anuído,
https://consultas.anvisa.gov.br/#/documentos/tecnicos/expediente/4737103220/,4737103/22-0,26/09/2022,20220000004513914,25351.399688/2022-39,LABORATÓRIO GLOBO SA,17.115.437/0001-73,"12172 -
                        GQMED – Protocolo de Gerenciamento de Mudanças Pós-registro (PGMP) para vários produtos","GQMED - GERÊNCIA DE AVALIAÇÃO DA QUALIDADE DE MEDICAMENTOS SINTÉTICOS
                        Desde: 05/12/2022",Não anuído,05/12/2022
https://consultas.anvisa.gov.br/#/documentos/tecnicos/expediente/0676186231/,,,,,,,-,"- 
                        
                        Enc.:",,
https://consultas.anvisa.gov.br/#/documentos/tecnicos/expediente/0439855196/,0439855/19-6,17/05/2019,25352337974201903,25351.345191/2016-52,LABORATÓRIO GLOBO SA,17.115.437/0001-73,10506 - GENÉRICO - Modificação Pós-Registro - CLONE,"GEPRE.D - GERÊNCIA DE AVALIAÇÃO DE TECNOLOGIA DE PÓS-REGISTRO DE MEDICAMENTOS SINTÉTICOS
                            Desde: 17/05/2019",Distribuído para a área responsável,
https://consultas.anvisa.gov.br/#/documentos/tecnicos/expediente/6239245210/,6239245/21-0,13/12/2021,25352228537202114,25351.345191/2016-52,LABORATÓRIO GLOBO SA,17.115.437/0001-73,10506 - GENÉRICO - Modificação Pós-Registro - CLONE,"GQMED - GERÊNCIA DE AVALIAÇÃO DA QUALIDADE DE MEDICAMENTOS SINTÉTICOS
                            Desde: 13/12/2021",Anuído,17/03/2022
https://consultas.anvisa.gov.br/#/documentos/tecnicos/expediente/0676098238/,,,,,,,-,"- 
                        
                        Enc.:",,
https://consultas.anvisa.gov.br/#/documentos/tecnicos/expediente/0896410156/,0896410/15-6,07/10/2015,25352433500201518,25351.022973/0051,LABORATÓRIO GLOBO SA,17.115.437/0001-73,142 - SIMILAR - Renovação de Registro de Medicamento,"GGMED - GERÊNCIA-GERAL DE MEDICAMENTOS
                            Desde: 08/02/2018",Revalidação automática,
https://consultas.anvisa.gov.br/#/documentos/tecnicos/expediente/0420790194/,0420790/19-4,11/05/2019,25352322529201931,25351.022973/0051,LABORATÓRIO GLOBO SA,17.115.437/0001-73,11018 - RDC 73/2016 - SIMILAR - Inclusão de local de embalagem primária do medicamento,"GEPRE.D - GERÊNCIA DE AVALIAÇÃO DE TECNOLOGIA DE PÓS-REGISTRO DE MEDICAMENTOS SINTÉTICOS
                            Desde: 11/05/2019",Mudança implementada,
https://consultas.anvisa.gov.br/#/documentos/tecnicos/expediente/4248818224/,4248818/22-4,02/06/2022,20220000004105260,25351.022973/0051,LABORATÓRIO GLOBO SA,17.115.437/0001-73,10298 - SIMILAR - Notificação de alteração de rotulagem,"CBRES - COORDENAÇÃO DE BULA, ROTULAGEM, REGISTRO SIMPLIFICADO E NOME COMERCIAL
                            
                            Enc.: 24/10/2023",Em análise do cumprimento de exigência,
https://consultas.anvisa.gov.br/#/documentos/tecnicos/expediente/1900200219/,,,,,,,-,"- 
                        
                        Enc.:",,
https://consultas.anvisa.gov.br/#/documentos/tecnicos/expediente/8422709215/,8422709/21-5,20/12/2021,25352036297202115,25351.847804/2018-53,LABORATÓRIO GLOBO SA,17.115.437/0001-73,11006 - RDC 73/2016 - SIMILAR - Alteração de razão social do local de fabricação do medicamento,"CPMEC - COORDENAÇÃO DE PÓS-REGISTRO DE MEDICAMENTO DE MENOR COMPLEXIDADE
                            Desde: 15/06/2022",Anuído,15/06/2022
https://consultas.anvisa.gov.br/#/documentos/tecnicos/expediente/0394848170/,,,,,,,-,"- 
                        
                        Enc.:",,
https://consultas.anvisa.gov.br/#/documentos/tecnicos/expediente/2494368191/,,,,,,,-,"- 
                        
                        Enc.:",,
https://consultas.anvisa.gov.br/#/documentos/tecnicos/expediente/6970178214/,,,,,,,-,"- 
                        
                        Enc.:",,
https://consultas.anvisa.gov.br/#/documentos/tecnicos/expediente/0394862175/,,,,,,,-,"- 
                        
                        Enc.:",,
https://consultas.anvisa.gov.br/#/documentos/tecnicos/expediente/2494321195/,2494321/19-5,15/10/2019,25352792850201989,25351.150668/2016-13,LABORATÓRIO GLOBO SA,17.115.437/0001-73,10506 - GENÉRICO - Modificação Pós-Registro - CLONE,"GQMED - GERÊNCIA DE AVALIAÇÃO DA QUALIDADE DE MEDICAMENTOS SINTÉTICOS
                            Desde: 07/02/2020",Aprovação condicional – ausência de manifestação no prazo legal em 17/02/2020.,
https://consultas.anvisa.gov.br/#/documentos/tecnicos/expediente/6970186215/,6970186/21-5,15/12/2021,25352462846202111,25351.150668/2016-13,LABORATÓRIO GLOBO SA,17.115.437/0001-73,10506 - GENÉRICO - Modificação Pós-Registro - CLONE,"GQMED - GERÊNCIA DE AVALIAÇÃO DA QUALIDADE DE MEDICAMENTOS SINTÉTICOS
                            Desde: 15/12/2021",Anuído,
https://consultas.anvisa.gov.br/#/documentos/tecnicos/expediente/0676358238/,,,,,,,-,"- 
                        
                        Enc.:",,
https://consultas.anvisa.gov.br/#/documentos/tecnicos/expediente/058728081/,,,,,,,-,"- 
                        
                        Enc.:",,
https://consultas.anvisa.gov.br/#/documentos/tecnicos/expediente/2131962176/,,,,,,,-,"- 
                        
                        Enc.:",,
https://consultas.anvisa.gov.br/#/documentos/tecnicos/expediente/3394244197/,,,,,,,-,"- 
                        
                        Enc.:",,
https://consultas.anvisa.gov.br/#/documentos/tecnicos/expediente/0886234136/,,,,,,,-,"- 
                        
                        Enc.:",,
https://consultas.anvisa.gov.br/#/documentos/tecnicos/expediente/0814873182/,0814873/18-2,16/08/2018,25352688899201857,25351.064661/2008-70,LABORATÓRIO GLOBO SA,17.115.437/0001-73,143 - GENÉRICO - Renovação de Registro de Medicamento,"GEPRE.D - GERÊNCIA DE AVALIAÇÃO DE TECNOLOGIA DE PÓS-REGISTRO DE MEDICAMENTOS SINTÉTICOS
                            
                            Enc.: 01/03/2019",Revalidação automática,08/07/2022
https://consultas.anvisa.gov.br/#/documentos/tecnicos/expediente/0580701178/,,,,,,,-,"- 
                        
                        Enc.:",,
https://consultas.anvisa.gov.br/#/documentos/tecnicos/expediente/0264281206/,0264281/20-6,24/01/2020,25352229820202074,25351.717878/2011-51,LABORATÓRIO GLOBO SA,17.115.437/0001-73,10943 - RDC 73/2016 - SIMILAR - Inclusão de novo fabricante do IFA,"GQMED - GERÊNCIA DE AVALIAÇÃO DA QUALIDADE DE MEDICAMENTOS SINTÉTICOS
                            Desde: 16/04/2020",Aprovação condicional – ausência de manifestação no prazo legal em 20/04/2020.,14/04/2020
https://consultas.anvisa.gov.br/#/documentos/tecnicos/expediente/8422733218/,8422733/21-8,20/12/2021,25352037056202193,25351.717878/2011-51,LABORATÓRIO GLOBO SA,17.115.437/0001-73,11006 - RDC 73/2016 - SIMILAR - Alteração de razão social do local de fabricação do medicamento,"CPMEC - COORDENAÇÃO DE PÓS-REGISTRO DE MEDICAMENTO DE MENOR COMPLEXIDADE
                            Desde: 15/06/2022",Anuído,
